<?xml version="1.0" encoding="utf-8"?>
<kml xmlns:gx="http://www.google.com/kml/ext/2.2" xmlns="http://www.opengis.net/kml/2.2">
  <Document>
    <description>铁四院孙泽昌编写软件生成</description>
    <Style id="LC1">
      <IconStyle>
        <Icon>
          <href>http://maps.google.com/mapfiles/kml/paddle/1.png</href>
        </Icon>
      </IconStyle>
    </Style>
    <Style id="LC2">
      <IconStyle>
        <Icon>
          <href>http://maps.google.com/mapfiles/kml/paddle/2.png</href>
        </Icon>
      </IconStyle>
    </Style>
    <Style id="LC3">
      <IconStyle>
        <Icon>
          <href>http://maps.google.com/mapfiles/kml/paddle/3.png</href>
        </Icon>
      </IconStyle>
    </Style>
    <Style id="LC4">
      <IconStyle>
        <Icon>
          <href>http://maps.google.com/mapfiles/kml/paddle/4.png</href>
        </Icon>
      </IconStyle>
    </Style>
    <Style id="LC5">
      <IconStyle>
        <Icon>
          <href>http://maps.google.com/mapfiles/kml/paddle/5.png</href>
        </Icon>
      </IconStyle>
    </Style>
    <Style id="LC6">
      <IconStyle>
        <Icon>
          <href>http://maps.google.com/mapfiles/kml/paddle/6.png</href>
        </Icon>
      </IconStyle>
    </Style>
    <Style id="LC7">
      <IconStyle>
        <Icon>
          <href>http://maps.google.com/mapfiles/kml/paddle/7.png</href>
        </Icon>
      </IconStyle>
    </Style>
    <Style id="LC8">
      <IconStyle>
        <Icon>
          <href>http://maps.google.com/mapfiles/kml/paddle/8.png</href>
        </Icon>
      </IconStyle>
    </Style>
    <Style id="LC9">
      <IconStyle>
        <Icon>
          <href>http://maps.google.com/mapfiles/kml/paddle/9.png</href>
        </Icon>
      </IconStyle>
    </Style>
    <Style id="LC1000">
      <IconStyle>
        <Icon>
          <href>http://maps.google.com/mapfiles/kml/paddle/ltblu-blank.png</href>
        </Icon>
      </IconStyle>
    </Style>
    <Style id="DL">
      <IconStyle />
      <LabelStyle>
        <color>ff0000ff</color>
        <colorMode>normal</colorMode>
      </LabelStyle>
      <LineStyle>
        <color>ff0000ff</color>
        <width>2</width>
      </LineStyle>
    </Style>
    <Style id="Station">
      <IconStyle>
        <Icon>
          <href>http://maps.google.com/mapfiles/kml/shapes/rail.png</href>
        </Icon>
      </IconStyle>
    </Style>
    <Style id="RailLine">
      <LineStyle>
        <color>ffff0000</color>
        <width>2</width>
      </LineStyle>
    </Style>
    <Style id="BridgeLine">
      <IconStyle>
        <Icon>
          <href>http://maps.google.com/mapfiles/kml/pushpin/grn-pushpin.png</href>
        </Icon>
      </IconStyle>
      <LineStyle>
        <color>ff00ff00</color>
        <width>8</width>
      </LineStyle>
    </Style>
    <Style id="TunnelLine">
      <IconStyle>
        <Icon>
          <href>http://maps.google.com/mapfiles/kml/pushpin/ylw-pushpin.png</href>
        </Icon>
      </IconStyle>
      <LineStyle>
        <color>ff0000ff</color>
        <width>8</width>
      </LineStyle>
    </Style>
    <Style id="default">
      <IconStyle>
        <Icon>
          <href>http://maps.google.com/mapfiles/kml/paddle/red-circle.png</href>
        </Icon>
      </IconStyle>
      <LineStyle>
        <color>ffff0000</color>
        <colorMode>random</colorMode>
        <width>3</width>
      </LineStyle>
      <PolyStyle>
        <color>ff0000ff</color>
        <colorMode>random</colorMode>
      </PolyStyle>
    </Style>
    <Style id="41210f4b-4e96-4a49-a0ae-1ba79313fdf2">
      <IconStyle />
      <LineStyle>
        <color>ffffffff</color>
        <width>3</width>
      </LineStyle>
    </Style>
    <Style id="524e3ad7-dbaf-41fb-adbf-d095d40b8233">
      <IconStyle />
      <LineStyle>
        <color>ff0000ff</color>
        <width>3</width>
      </LineStyle>
    </Style>
    <Style id="37bd8afe-ad11-4916-85e7-d928ba5f0398">
      <IconStyle />
      <LineStyle>
        <color>ff00ff00</color>
        <width>3</width>
      </LineStyle>
    </Style>
    <Style id="1bf9aedb-08e5-4c14-98d9-2fc1730e23e4">
      <IconStyle />
      <LineStyle>
        <color>ffff00ff</color>
        <width>3</width>
      </LineStyle>
    </Style>
    <Style id="6d93aefd-8336-404a-b001-080583addf47">
      <IconStyle />
      <LineStyle>
        <color>ff00ffff</color>
        <width>3</width>
      </LineStyle>
    </Style>
    <Folder id="910a7e42-ba32-4355-ac08-d76e509067f7">
      <name>6、企业分布图</name>
      <Placemark id="daf34a07-ddd8-41d0-aa56-811ac2a9d63d">
        <name />
        <styleUrl>default</styleUrl>
        <Point>
          <altitudeMode>clampToGround</altitudeMode>
          <coordinates>112.37524163279465,29.360587646358216,-17.037065334458923</coordinates>
        </Point>
      </Placemark>
      <Placemark id="42db3075-e4e6-4ea3-91cc-9d7c960c26c7">
        <name />
        <styleUrl>#524e3ad7-dbaf-41fb-adbf-d095d40b8233</styleUrl>
        <LineString>
          <altitudeMode>clampToGround</altitudeMode>
          <coordinates>112.37331200166358,29.384698993581711,0
112.3733108043976,29.38409222484805,0
112.37330910935498,29.383236721237186,0
112.37332524164889,29.382874995835493,0
112.37331664619093,29.381955039011583,0
112.37426687037379,29.381926713861219,0
112.3742955969737,29.382123584160539,0
112.37429728850158,29.382232207068355,0
112.37450508387371,29.382231064774157,0
112.37450469101795,29.382120319744701,0
112.37450102204505,29.381919733012836,0
112.37456369386516,29.381917864485342,0
112.37460215457483,29.384681068481523,0
112.37331200166358,29.384698993581711,0</coordinates>
        </LineString>
      </Placemark>
      <Placemark id="14d1adb2-689d-43b5-add4-4a5a148a715c">
        <name>洞庭农博城二期项目（待建）</name>
        <styleUrl>default</styleUrl>
        <Point>
          <altitudeMode>clampToGround</altitudeMode>
          <coordinates>112.37347900402543,29.383404793925482,0</coordinates>
        </Point>
      </Placemark>
      <Placemark id="634ef91f-b48c-47aa-ab66-a2a5efbdbb15">
        <name />
        <styleUrl>#524e3ad7-dbaf-41fb-adbf-d095d40b8233</styleUrl>
        <LineString>
          <altitudeMode>clampToGround</altitudeMode>
          <coordinates>112.37571059602638,29.379571896369956,0
112.37580624943887,29.380582425834113,0
112.37581811915071,29.380707821554992,0
112.3758620929186,29.381173765472067,0
112.37586617192962,29.381199205708558,0
112.37587699884546,29.381232913411747,0
112.37589571217671,29.381267928835051,0
112.37592683487559,29.381305564092109,0
112.3759663535461,29.38133697282467,0
112.37600296276059,29.381356614736177,0
112.37604676527125,29.381371699033217,0
112.37608637395202,29.381378892177668,0
112.37612171557778,29.381380658956104,0
112.37847682706888,29.381328676589504,0
112.37854357844695,29.381313908668002,0
112.37861692868576,29.381289096985174,0
112.37869706899866,29.381250478220281,0
112.37877242619655,29.381196215214594,0
112.37883395861327,29.38113480739208,0
112.37888322208505,29.381064136498754,0
112.37891977827748,29.380980822759568,0
112.37894829418137,29.380879737714743,0
112.37894789948598,29.380632576433346,0
112.37847655538457,29.380633152968251,0
112.37847715038862,29.379439492182829,0
112.37625092739674,29.37954616850919,0
112.37571059602638,29.379571896369956,0</coordinates>
        </LineString>
      </Placemark>
      <Placemark id="f2ff2fbb-fcb9-4ad7-bad3-872b9817e158">
        <name />
        <styleUrl>#524e3ad7-dbaf-41fb-adbf-d095d40b8233</styleUrl>
        <LineString>
          <altitudeMode>clampToGround</altitudeMode>
          <coordinates>112.37095222780559,29.373678740854917,28.222999999999999
112.37473891403407,29.37371910244515,28.222999999999999
112.37473571073372,29.373677197280383,28.222999999999999
112.37472217816629,29.373500165335166,28.222999999999999
112.37465899977653,29.372673660349264,28.222999999999999
112.37465812504405,29.372661449264481,28.222999999999999
112.37457443264361,29.371781416406037,28.222999999999999
112.37457110100516,29.37176398986416,28.222999999999999
112.37455454333633,29.371576720675463,28.222999999999999
112.3745432004186,29.37143728435559,28.222999999999999
112.37451452197205,29.371121258329854,28.222999999999999
112.37451353297909,29.371119497730579,28.222999999999999
112.37449429960735,29.37083733731308,28.222999999999999
112.37113275031943,29.370870935134569,28.222999999999999
112.37109091359716,29.370875124361238,28.222999999999999
112.37105092324477,29.370886679061567,28.222999999999999
112.37101440377663,29.370905151303045,28.222999999999999
112.37098376257721,29.37092902790388,28.222999999999999
112.37095795454853,29.370959302080497,28.222999999999999
112.37094029020041,29.37099278471111,28.222999999999999
112.37093076960139,29.371028714442826,28.222999999999999
112.37091892399727,29.371114416775605,28.222999999999999
112.37092936691015,29.371918535968909,28.222999999999999
112.37154456621781,29.371912091596421,28.222999999999999
112.37155442005431,29.372633631940619,28.222999999999999
112.3709387378274,29.372640081511705,28.222999999999999
112.37095222780559,29.373678740854917,28.222999999999999</coordinates>
        </LineString>
      </Placemark>
      <Placemark id="e3fe5406-7e82-40a7-9af2-8eb3bcb64439">
        <name />
        <styleUrl>#524e3ad7-dbaf-41fb-adbf-d095d40b8233</styleUrl>
        <LineString>
          <altitudeMode>clampToGround</altitudeMode>
          <coordinates>112.37261965440211,29.36718680673123,0
112.37261600959557,29.366900844685553,0
112.3727189160094,29.366899785423556,0
112.37272488581124,29.366513740417879,0</coordinates>
        </LineString>
      </Placemark>
      <Placemark id="831f9d24-4543-4daa-9f75-3fc6ff20d6da">
        <name />
        <styleUrl>#524e3ad7-dbaf-41fb-adbf-d095d40b8233</styleUrl>
        <LineString>
          <altitudeMode>clampToGround</altitudeMode>
          <coordinates>112.37085936942529,29.366150091110761,0
112.37215377762777,29.366141576747701,0
112.37215383832189,29.364925900660527,0
112.37085287693405,29.364930563722098,0
112.37085936942529,29.366150091110761,0</coordinates>
        </LineString>
      </Placemark>
      <Placemark id="3ed96a3c-57f4-4039-841f-4794f9490df4">
        <name />
        <styleUrl>#524e3ad7-dbaf-41fb-adbf-d095d40b8233</styleUrl>
        <LineString>
          <altitudeMode>clampToGround</altitudeMode>
          <coordinates>112.37215383832189,29.364925900660527,0
112.37363300059992,29.364933799555985,0
112.37369713298793,29.366152813077854,0
112.37215377762777,29.366141576747701,0
112.37215383832189,29.364925900660527,0</coordinates>
        </LineString>
      </Placemark>
      <Placemark id="91434ae2-914a-4b50-b827-0ee1177b2f05">
        <name />
        <styleUrl>#524e3ad7-dbaf-41fb-adbf-d095d40b8233</styleUrl>
        <LineString>
          <altitudeMode>clampToGround</altitudeMode>
          <coordinates>112.37085287693405,29.364930563722098,0
112.37084244970607,29.363735334131231,0
112.37085965297257,29.363693713100137,0
112.37088404176978,29.363654409859642,0
112.37091658956349,29.363618573011575,0
112.37095632630638,29.363583005763672,0
112.37100775041412,29.363550839577247,0
112.37105882819384,29.363526591763652,0
112.37112747294509,29.363505894724877,0
112.37119931543651,29.36349740423022,0
112.37125576561229,29.363496823814621,0
112.37217980880662,29.363513792283833,0
112.37220113737025,29.364925730886483,0
112.37085287693405,29.364930563722098,0</coordinates>
        </LineString>
      </Placemark>
      <Placemark id="76af7e6d-275b-4eb6-bf84-28066193f2e4">
        <name />
        <styleUrl>#524e3ad7-dbaf-41fb-adbf-d095d40b8233</styleUrl>
        <LineString>
          <altitudeMode>clampToGround</altitudeMode>
          <coordinates>112.37217980880662,29.363513792283833,0
112.37354291904988,29.363535144251586,0
112.37354350615819,29.36380725161245,0
112.37352629159696,29.363807428910118,0
112.37353872033219,29.364457722796146,0
112.37327544725217,29.364453867697826,0
112.37329515804379,29.364767671484305,0
112.37360829539803,29.36476369374882,0
112.37363300059992,29.364933799555985,0
112.37220113737025,29.364925730886483,0
112.37217980880662,29.363513792283833,0</coordinates>
        </LineString>
      </Placemark>
      <Placemark id="6c5805ef-7254-4085-8efc-e4ca3b7d74b5">
        <name />
        <styleUrl>#524e3ad7-dbaf-41fb-adbf-d095d40b8233</styleUrl>
        <LineString>
          <altitudeMode>clampToGround</altitudeMode>
          <coordinates>112.36566918565457,29.369113884851153,0
112.36776703643669,29.369116063734758,0
112.36776695052858,29.369107157779958,0
112.36931461148136,29.369091978080032,0
112.36931464173222,29.368838327195942,0
112.36931464183452,29.368837409936475,0
112.36931476821098,29.367765975761515,0
112.3656943488763,29.367717882003646,0
112.36566918565457,29.369113884851153,0</coordinates>
        </LineString>
      </Placemark>
      <Placemark id="c46fad7e-655a-4d06-92ca-be763a02a3b6">
        <name />
        <styleUrl>#524e3ad7-dbaf-41fb-adbf-d095d40b8233</styleUrl>
        <LineString>
          <altitudeMode>clampToGround</altitudeMode>
          <coordinates>112.36283814151729,29.366093937129797,28.587883635617597
112.36389987427332,29.366097395446658,28.587883635617597
112.36398046661928,29.363482395099677,28.587883635617597
112.36539147876293,29.363508306851678,28.587883635617597
112.36539231205506,29.363481256469544,28.587883635617597
112.36359348481206,29.36344822026814,28.587883635617597
112.36283814151729,29.366093937129797,28.587883635617597</coordinates>
        </LineString>
      </Placemark>
      <Placemark id="a99ae8b5-5887-4f03-8fba-28ad775f7989">
        <name />
        <styleUrl>#524e3ad7-dbaf-41fb-adbf-d095d40b8233</styleUrl>
        <LineString>
          <altitudeMode>clampToGround</altitudeMode>
          <coordinates>112.36389987427332,29.366097395446658,28.587883635617597
112.36398046661928,29.363482395099677,28.587883635617597
112.36539147876293,29.363508306851678,28.587883635617597
112.36531429321894,29.366013889027148,28.587883635617597
112.36530563747172,29.366047729008873,28.587883635617597
112.36528304570795,29.366076207153334,28.587883635617597
112.36524985740286,29.366095113858069,28.587883635617597
112.36521097840743,29.366101654356385,28.587883635617597
112.36521097840743,29.366101654356385,28.587883635617597
112.36389987427332,29.366097395446658,28.587883635617597</coordinates>
        </LineString>
      </Placemark>
      <Placemark id="852837fd-c014-43a8-92e9-55a71543561c">
        <name />
        <styleUrl>#524e3ad7-dbaf-41fb-adbf-d095d40b8233</styleUrl>
        <LineString>
          <altitudeMode>clampToGround</altitudeMode>
          <coordinates>112.36194409279098,29.368089596851181,0
112.36245091013373,29.366273073325416,0
112.36520070193673,29.3662820204569,0
112.36523961891773,29.366288663800386,0
112.36527299972499,29.36630740555222,0
112.36529614299145,29.366335606117893,0
112.36530578920116,29.366369293718307,0
112.36530578920116,29.366369293718307,0
112.36525852451352,29.369089655406327,0
112.36186005968975,29.369105684998807,0
112.36194409279098,29.368089596851181,0</coordinates>
        </LineString>
      </Placemark>
      <Placemark id="35378018-26fb-4b1b-b53f-b421c1d56bff">
        <name />
        <styleUrl>#524e3ad7-dbaf-41fb-adbf-d095d40b8233</styleUrl>
        <LineString>
          <altitudeMode>clampToGround</altitudeMode>
          <coordinates>112.36547727611367,29.360191061498487,0
112.36554212138935,29.357480855037867,0
112.3650215967584,29.357470370151908,0
112.36489996813378,29.357873936903545,0
112.36472425984094,29.358474398793884,0
112.36500697402988,29.358537728546086,0
112.36489003845612,29.35892128870012,0
112.36511485506148,29.358980609663934,0
112.36511022932974,29.358997588800328,0
112.3649003786134,29.359734552073739,0
112.36473567344969,29.360312937578165,0
112.36531967686162,29.360323492883747,0
112.36535411015294,29.360320723634509,0
112.36538697720259,29.360311313029474,0
112.36541663060676,29.360295732759269,0
112.36544158404185,29.360274763758031,0
112.36546058676421,29.360249457060117,0
112.36547268630132,29.36022108111834,0
112.36547727619204,29.360191058224707,0
112.36547727619204,29.360191058224707,0
112.36553548809705,29.357758094107485,0</coordinates>
        </LineString>
      </Placemark>
      <Placemark id="ad8297ac-a388-46a4-8038-e711b0efecf7">
        <name />
        <styleUrl>#524e3ad7-dbaf-41fb-adbf-d095d40b8233</styleUrl>
        <LineString>
          <altitudeMode>clampToGround</altitudeMode>
          <coordinates>112.37076808508812,29.359625222992463,-17.037065334458923
112.37075712750121,29.359081341625735,-17.037065334458923
112.37193032606453,29.359063197536322,-17.037065334458923
112.37193093101122,29.359108330633099,-17.037065334458923
112.37191963239066,29.3594774113601,-17.037065334458923
112.37191110907619,29.359603476029882,-17.037065334458923
112.37076808508812,29.359625222992463,-17.037065334458923</coordinates>
        </LineString>
      </Placemark>
      <Placemark id="63af16d4-022a-4d3b-9241-c9766a9a9b80">
        <name />
        <styleUrl>#524e3ad7-dbaf-41fb-adbf-d095d40b8233</styleUrl>
        <LineString>
          <altitudeMode>clampToGround</altitudeMode>
          <coordinates>112.36649975936641,29.353782660538322,0
112.36666921006874,29.353786833668078,0
112.36949264563573,29.353837938603149,0
112.36952560480078,29.353837378725423,0
112.36955840726276,29.353834511224626,0
112.36959084284857,29.353829354473557,0
112.36962270373596,29.353821941512813,0
112.36965378578498,29.353812319838994,0
112.36968388984604,29.353800551100445,0
112.36971282303597,29.353786710702224,0
112.36974039997381,29.353770887322909,0
112.3697664439687,29.353753182346473,0
112.3697907881519,29.353733709212612,0
112.36981327654605,29.353712592689917,0
112.36983376506448,29.353689968076459,0
112.36985212243439,29.353665980332824,0
112.36986823103796,29.353640783153395,0
112.36988198766589,29.353614537981496,0
112.36989330417869,29.353587412975017,0
112.3699021080713,29.353559581929012,0
112.36990834293768,29.353531223162069,0
112.36991196883207,29.353502518373855,0
112.36991296252496,29.353473651480908,0
112.36991296252496,29.353473651480908,0
112.36991265670201,29.353446402576509,0
112.36991234983634,29.353419153680999,0
112.36991204192792,29.353391904794417,0
112.36991173297675,29.353364655916774,0
112.36991142298285,29.353337407048116,0
112.36991111194621,29.353310158188464,0
112.36991079986684,29.353282909337842,0
112.36991048674473,29.353255660496302,0
112.36991017257989,29.353228411663871,0
112.36990985737232,29.353201162840563,0
112.36990954112203,29.35317391402641,0
112.369909223829,29.35314666522147,0
112.36990890549323,29.353119416425741,0
112.36990858611475,29.353092167639268,0
112.36990826569354,29.353064918862081,0
112.3699079442296,29.353037670094213,0
112.36990762172294,29.353010421335693,0
112.36990729817356,29.352983172586541,0
112.36990697358145,29.352955923846807,0
112.36990664794664,29.352928675116502,0
112.36990632126908,29.352901426395679,0
112.36990599354883,29.352874177684345,0
112.36990566478586,29.352846928982547,0
112.36990533498017,29.352819680290306,0
112.36990500413177,29.352792431607654,0
112.36990467224065,29.352765182934633,0
112.36990433930681,29.352737934271257,0
112.36990400533028,29.352710685617566,0
112.36990367031103,29.352683436973589,0
112.36990333424907,29.352656188339363,0
112.36990299714441,29.352628939714908,0
112.36990265899705,29.352601691100258,0
112.36990231980698,29.352574442495438,0
112.36990197957419,29.352547193900495,0
112.36990163829873,29.352519945315453,0
112.36990129598055,29.35249269674032,0
112.36990095261967,29.35246544817517,0
112.3699006082161,29.352438199620003,0
112.36990026276983,29.352410951074841,0
112.36989991628086,29.352383702539747,0
112.3698995687492,29.352356454014732,0
112.36989922017484,29.352329205499814,0
112.3698988705578,29.352301956995049,0
112.36989851989806,29.352274708500467,0
112.36989816819563,29.352247460016077,0
112.36989781545051,29.35222021154193,0
112.36989746166272,29.352192963078032,0
112.36989710683223,29.352165714624448,0
112.36989675095906,29.352138466181184,0
112.36989639404321,29.352111217748266,0
112.36989603608467,29.352083969325754,0
112.36989567708345,29.352056720913648,0
112.36989531703955,29.352029472511994,0
112.36989495595297,29.352002224120824,0
112.36989459382372,29.351974975740156,0
112.36989423065178,29.351947727370032,0
112.36989386643718,29.351920479010481,0
112.3698935011799,29.351893230661531,0
112.36989313487996,29.351865982323215,0
112.36989276753734,29.351838733995564,0
112.36989239915204,29.35181148567861,0
112.36989202972408,29.351784237372364,0
112.36989165925345,29.351756989076883,0
112.36989128774016,29.351729740792187,0
112.3698909151842,29.351702492518317,0
112.36989054158558,29.351675244255279,0
112.3698901669443,29.35164799600313,0
112.36988979126035,29.351620747761885,0
112.36988941453374,29.351593499531571,0
112.36988903676449,29.351566251312235,0
112.36988865795256,29.351539003103902,0
112.36988827809799,29.351511754906586,0
112.36988789720075,29.351484506720343,0
112.36988751526087,29.351457258545182,0
112.36988713227834,29.351430010381165,0
112.36988674825315,29.351402762228272,0
112.36988636318532,29.351375514086584,0
112.36988597707483,29.351348265956108,0
112.36988558992169,29.351321017836863,0
112.36988520172591,29.351293769728898,0
112.36988481248748,29.351266521632244,0
112.36988442220643,29.351239273546934,0
112.36988403088272,29.351212025472989,0
112.36988363851637,29.351184777410431,0
112.36988324510737,29.351157529359309,0
112.36988285065574,29.351130281319634,0
112.36988245516149,29.351103033291462,0
112.36988205862458,29.351075785274809,0
112.36988166104506,29.351048537269705,0
112.36988126242288,29.351021289276183,0
112.36988086275808,29.350994041294282,0
112.36988046205066,29.350966793324009,0
112.36988006030059,29.350939545365417,0
112.36987965750791,29.350912297418528,0
112.36987925367259,29.350885049483377,0
112.36987884879466,29.350857801559986,0
112.36987844287408,29.350830553648397,0
112.3698780359109,29.350803305748627,0
112.3698776279051,29.350776057860717,0
112.36987721885667,29.350748809984697,0
112.36987680876561,29.350721562120594,0
112.36987639763196,29.350694314268448,0
112.36987598545566,29.350667066428269,0
112.36987557223678,29.350639818600104,0
112.36987515797526,29.35061257078398,0
112.36987474267114,29.350585322979931,0
112.36987474267114,29.350585322979931,0
112.36672409355423,29.350617283395565,0
112.36649975936641,29.353782660538322,0</coordinates>
        </LineString>
      </Placemark>
      <Placemark id="c6fad86a-ec5b-4833-9d2c-c9a6a0fe0cc8">
        <name />
        <styleUrl>#524e3ad7-dbaf-41fb-adbf-d095d40b8233</styleUrl>
        <LineString>
          <altitudeMode>clampToGround</altitudeMode>
          <coordinates>112.36836302216706,29.350420071152321,0
112.3683520716374,29.349599314321292,0
112.36986136422291,29.349583824470685,0
112.36987234467897,29.350404580601911,0
112.36836302216706,29.350420071152321,0</coordinates>
        </LineString>
      </Placemark>
      <Placemark id="b516c654-8bc1-4826-9854-e84f58048032">
        <name />
        <styleUrl>#524e3ad7-dbaf-41fb-adbf-d095d40b8233</styleUrl>
        <LineString>
          <altitudeMode>clampToGround</altitudeMode>
          <coordinates>112.36836302216706,29.350420071152321,0
112.36673688848815,29.350436741452505,0
112.3667951050375,29.34961527555464,0
112.36835207163763,29.349599314338867,0
112.36836302216706,29.350420071152321,0</coordinates>
        </LineString>
      </Placemark>
      <Placemark id="27a8022f-befe-4667-9c5b-c46cc934ee38">
        <name />
        <styleUrl>#524e3ad7-dbaf-41fb-adbf-d095d40b8233</styleUrl>
        <LineString>
          <altitudeMode>clampToGround</altitudeMode>
          <coordinates>112.38264968071847,29.35461697601874,0
112.38262344641289,29.35569710735566,0
112.38425901012658,29.355713918167414,0
112.38425938296812,29.354643740495543,0
112.38264968071847,29.35461697601874,0</coordinates>
        </LineString>
      </Placemark>
      <Placemark id="563ae0eb-c42e-4415-b9b4-1f362f7e06b1">
        <name />
        <styleUrl>#524e3ad7-dbaf-41fb-adbf-d095d40b8233</styleUrl>
        <LineString>
          <altitudeMode>clampToGround</altitudeMode>
          <coordinates>112.38119049702428,29.354238308979248,0
112.38101609189167,29.354164508107505,0
112.38077799628805,29.354159233630121,0
112.38076735644641,29.354147392763196,0
112.38067889821035,29.354148308402824,0
112.38068776732047,29.352054654504876,0
112.38358191108324,29.352075327023996,0
112.3835201889942,29.354270752115546,0
112.38119049702428,29.354238308979248,0</coordinates>
        </LineString>
      </Placemark>
      <Placemark id="6717b38f-c456-4bf1-ab00-c31cfd572a49">
        <name />
        <styleUrl>#524e3ad7-dbaf-41fb-adbf-d095d40b8233</styleUrl>
        <LineString>
          <altitudeMode>clampToGround</altitudeMode>
          <coordinates>112.3835201889942,29.354270752115546,0
112.38472011898924,29.35428735130678,0
112.38475844855233,29.352083712924877,0
112.38358191108324,29.352075327023996,0
112.3835201889942,29.354270752115546,0</coordinates>
        </LineString>
      </Placemark>
      <Placemark id="3724068c-0e89-401f-8f39-41a6cc46603c">
        <name />
        <styleUrl>#524e3ad7-dbaf-41fb-adbf-d095d40b8233</styleUrl>
        <LineString>
          <altitudeMode>clampToGround</altitudeMode>
          <coordinates>112.38150769991924,29.357457771049269,0
112.38081400287302,29.35745540952923,0
112.38079344592624,29.358104404907493,0
112.38182095322986,29.358506201412432,0
112.38229050696916,29.358261344575819,0
112.3823065559076,29.357481752893353,0
112.38150769991924,29.357457771049269,0</coordinates>
        </LineString>
      </Placemark>
      <Placemark id="a68e7a12-795f-4cf8-81e3-117f08bcec48">
        <name />
        <styleUrl>#524e3ad7-dbaf-41fb-adbf-d095d40b8233</styleUrl>
        <LineString>
          <altitudeMode>clampToGround</altitudeMode>
          <coordinates>112.38070870458533,29.360564349278778,0
112.38072453133417,29.360069130669959,0
112.38222014038394,29.360064637667019,0
112.38220382917439,29.360564873243391,0
112.38070870458533,29.360564349278778,0</coordinates>
        </LineString>
      </Placemark>
      <Placemark id="84228e01-5501-47ec-8ee9-847d66fcfbab">
        <name />
        <styleUrl>#524e3ad7-dbaf-41fb-adbf-d095d40b8233</styleUrl>
        <LineString>
          <altitudeMode>clampToGround</altitudeMode>
          <coordinates>112.38414235553513,29.370677420622361,0
112.3841448523261,29.370393069409847,0
112.38411997109993,29.370251528910362,0
112.38434388832268,29.370238362459219,0
112.38434804015399,29.369639882190672,0
112.38429647943657,29.36960169809306,0
112.38405651560774,29.369555541587015,0
112.38403054521225,29.36878180458914,0
112.38218845029412,29.368808544182336,0
112.38223175012513,29.370484228011037,0
112.38260380281513,29.370491460481336,0
112.38260649130699,29.370690397162093,0
112.38333936853527,29.370685753497753,0
112.38333919856233,29.37066518055795,0
112.38414235553513,29.370677420622361,0</coordinates>
        </LineString>
      </Placemark>
      <Placemark id="e73bcbff-e49a-4b2c-826a-c544fbe042e5">
        <name />
        <styleUrl>#524e3ad7-dbaf-41fb-adbf-d095d40b8233</styleUrl>
        <LineString>
          <altitudeMode>clampToGround</altitudeMode>
          <coordinates>112.38062771924518,29.362463115297597,0
112.38062934118241,29.361802384489014,0
112.38266377630391,29.361840875511948,0
112.38311628230815,29.361903003409736,0
112.38298453807278,29.362353547693626,0
112.38291764614881,29.362975009971088,0
112.38288727386251,29.363001048302728,0
112.38288931176101,29.363151859408212,0
112.38201911665973,29.363133315713394,0
112.38201824284735,29.363158258275167,0
112.38176936131485,29.363156689832646,0
112.38167701894835,29.36315326162525,0
112.38167677520524,29.363135208072183,0
112.38158486011699,29.363128879656024,0
112.38155178819181,29.36311902915735,0
112.38152830859492,29.363105002363994,0
112.38150869962801,29.363085165416251,0
112.38149163927082,29.363059001316969,0
112.38144668402606,29.362986264189278,0
112.38139971631507,29.362907301804231,0
112.38138075961193,29.362860770718601,0
112.38127432968601,29.362750503302763,0
112.38116450958456,29.362683541881726,0
112.38099614338327,29.362618045092411,0
112.38084417631883,29.362551964589034,0
112.38067738556035,29.362478614521006,0
112.38062771924518,29.362463115297597,0</coordinates>
        </LineString>
      </Placemark>
      <Placemark id="2c973198-f1bf-482c-a4d5-24bc50e5f5ce">
        <name />
        <styleUrl>#524e3ad7-dbaf-41fb-adbf-d095d40b8233</styleUrl>
        <LineString>
          <altitudeMode>clampToGround</altitudeMode>
          <coordinates>112.38064289389146,29.357253471031598,0
112.38065484642716,29.356157396210268,0
112.38341474747169,29.356162535714045,0
112.38337045663552,29.357325310251525,0
112.38064289389146,29.357253471031598,0</coordinates>
        </LineString>
      </Placemark>
      <Placemark id="46a0d7cf-b53d-4218-adf7-a7a13407a2c2">
        <name />
        <styleUrl>#524e3ad7-dbaf-41fb-adbf-d095d40b8233</styleUrl>
        <LineString>
          <altitudeMode>clampToGround</altitudeMode>
          <coordinates>112.38337045663552,29.357325310251525,0
112.38418043935339,29.357346974927754,0
112.38417969661299,29.357292048097861,0
112.38407253192698,29.357290458704803,0
112.38407490429854,29.356995676118945,0
112.38386760851897,29.356331894795368,0
112.38386596902259,29.356210618775449,0
112.38341305935559,29.356206854316017,0
112.38337045663552,29.357325310251525,0</coordinates>
        </LineString>
      </Placemark>
      <Placemark id="3aee8ece-134b-49b9-845b-404ce979d8cd">
        <name />
        <styleUrl>#524e3ad7-dbaf-41fb-adbf-d095d40b8233</styleUrl>
        <LineString>
          <altitudeMode>clampToGround</altitudeMode>
          <coordinates>112.38231910222679,29.359809591391851,0
112.38262552320471,29.360051734745838,0
112.38278160285759,29.3600501166306,0
112.38281547325498,29.360016816685057,0
112.38284868210867,29.360016472369136,0
112.38292983878667,29.360082497648193,0
112.38336464363118,29.35968489154055,0
112.38340614784363,29.359674351651545,0
112.38352165188088,29.359568949655024,0
112.38304166717555,29.359128746611731,0
112.38231910222679,29.359809591391851,0</coordinates>
        </LineString>
      </Placemark>
      <Placemark id="162b575b-a469-4676-b0fb-fa7641207aa9">
        <name />
        <styleUrl>#524e3ad7-dbaf-41fb-adbf-d095d40b8233</styleUrl>
        <LineString>
          <altitudeMode>clampToGround</altitudeMode>
          <coordinates>112.37828014028217,29.367714201087786,0
112.3782940823113,29.367651501127938,0
112.37826786413535,29.367647027895103,0
112.37829765863957,29.367513036252934,0
112.37860797135896,29.367580847108378,0
112.37861070298933,29.367783586076499,0
112.37828014028217,29.367714201087786,0</coordinates>
        </LineString>
      </Placemark>
      <Placemark id="aef39c2a-264d-43aa-b2af-a8fbe3ee460f">
        <name />
        <styleUrl>#524e3ad7-dbaf-41fb-adbf-d095d40b8233</styleUrl>
        <LineString>
          <altitudeMode>clampToGround</altitudeMode>
          <coordinates>112.37735229526126,29.359472303602811,0
112.37910021308579,29.359465363625588,0
112.37911135648764,29.358137151236978,0
112.37873937672522,29.358134755635131,0
112.37869000563354,29.358065775171816,0
112.37868386110401,29.357832422259335,0
112.377376528798,29.357739446475531,0
112.37735229526126,29.359472303602811,0</coordinates>
        </LineString>
      </Placemark>
      <Placemark id="91e0a2aa-4c9d-46fa-be89-42a05192d5f6">
        <name />
        <styleUrl>#524e3ad7-dbaf-41fb-adbf-d095d40b8233</styleUrl>
        <LineString>
          <altitudeMode>clampToGround</altitudeMode>
          <coordinates>112.36543864383232,29.37923459018301,0
112.36544936150126,29.378787233884655,0
112.36545363619732,29.378817298885444,0
112.36546544208176,29.378845776971641,0
112.36548418716323,29.37887124013108,0
112.36550893148765,29.378892411531886,0
112.36553843427085,29.37890822954871,0
112.36557121611679,29.378917900997667,0
112.36560563320135,29.378920940910334,0
112.36560563320135,29.378920940910334,0
112.37019398689576,29.378872237996813,0
112.37022823166761,29.378868497427533,0
112.37026067376429,29.378858191558553,0
112.37028969405772,29.378841834738118,0
112.37031384419791,29.378820243306635,0
112.37033191889786,29.378794494854098,0
112.37034301608705,29.378765874439082,0
112.37034658193139,29.378735810453456,0
112.37034658193139,29.378735810453456,0
112.37035073624486,29.379186345102564,0
112.37034646009549,29.379156280307811,0
112.37033465283039,29.379127802700626,0
112.37031590652016,29.379102340265131,0
112.37029116118561,29.379081169791409,0
112.37026165766072,29.379065352852543,0
112.37022887537216,29.37905568257337,0
112.37019445815525,29.379052643860522,0
112.37019445815525,29.379052643860522,0
112.36559392949846,29.3791014759875,0
112.36555997248945,29.379104628912735,0
112.36552763533662,29.379114237213784,0
112.36549849731331,29.379129831643358,0
112.36547398145638,29.379150650604984,0
112.36545528506861,29.379175677347277,0
112.36544332124497,29.379203689619434,0
112.36543867427838,29.379233319362818,0
112.36543867427838,29.379233319362818,0</coordinates>
        </LineString>
      </Placemark>
      <Placemark id="919de282-7c07-4666-a18d-216f4ba1c371">
        <name />
        <styleUrl>#524e3ad7-dbaf-41fb-adbf-d095d40b8233</styleUrl>
        <LineString>
          <altitudeMode>clampToGround</altitudeMode>
          <coordinates>112.37558375981193,29.378649318848524,0
112.37558724837218,29.378690444359897,0
112.37558724837218,29.378690444359901,0
112.3756321392416,29.379151449140579,0
112.37563609352809,29.379190868972294,0
112.37568708907139,29.379186944803294,0
112.37568667702817,29.379157598424978,0
112.37569178536697,29.379128592870845,0
112.37570227474922,29.379100719290065,0
112.37571785906479,29.379074737955669,0
112.37573811323624,29.379051357527697,0
112.37576248481344,29.379031215724044,0
112.37579030904229,29.379014861926436,0
112.37582082699639,29.379002742195794,0
112.37585320627717,29.378995187105819,0
112.37588656371794,29.378992402726446,0
112.37588656371794,29.378992402726453,0
112.37876068778849,29.378961294883595,0
112.37879511525638,29.378964320834573,0
112.37882791014481,29.378973982334919,0
112.37885742714349,29.378989794669845,0
112.37888218539125,29.379010964538814,0
112.37890094277007,29.379036429854814,0
112.37891275822187,29.379064913028607,0
112.37891703896177,29.379094985064672,0
112.37891703896177,29.379094985064672,0
112.37891716042154,29.379103993467602,0
112.37899920830027,29.379103144821578,0
112.37899300625833,29.378643175158654,0
112.37891095874832,29.378644023788819,0
112.37890749377874,29.378674160700609,0
112.37889646095452,29.37870286726503,0
112.37887841321843,29.378728704751346,0
112.37885425509216,29.378750378221749,0
112.37882519734369,29.378766801432096,0
112.37879269630551,29.37877715127345,0
112.378758380885,29.378780909025533,0
112.378758380885,29.378780909025533,0
112.37584249074933,29.378812065266338,0
112.37580821043026,29.378809919626423,0
112.37577481467905,29.378802811411006,0
112.37574323331415,29.37879093852986,0
112.37571434563642,29.378774631552552,0
112.37568895594696,29.378754344504429,0
112.37566777115332,29.378730642225356,0
112.37565138108747,29.378704184642999,0
112.37564024208369,29.378675708398731,0
112.37563466427343,29.37864600633764,0
112.37563466427343,29.378646006337629,0
112.37558375981193,29.378649318848524,0</coordinates>
        </LineString>
      </Placemark>
      <Placemark id="a1c46943-e349-4471-b2c5-3b4d172661aa">
        <name />
        <styleUrl>#524e3ad7-dbaf-41fb-adbf-d095d40b8233</styleUrl>
        <LineString>
          <altitudeMode>clampToGround</altitudeMode>
          <coordinates>112.36548436051459,29.376494728633141,0
112.36549315935763,29.376043476041982,0
112.36549662359501,29.376074146438498,0
112.36550792263752,29.376103334406348,0
112.36552647018404,29.376129525381739,0
112.36555130380648,29.376151360313834,0
112.36558113488957,29.376167706186362,0
112.36561441549699,29.37617771481041,0
112.36564941869447,29.376180866837444,0
112.36564941869447,29.376180866837444,0
112.37015792526408,29.376134610842261,0
112.37019225061682,29.376130865646335,0
112.37022476387064,29.376120524290609,0
112.37025383467022,29.37610410533588,0
112.37027800528173,29.376082432099825,0
112.3702960636902,29.376056591371881,0
112.3703071043749,29.376027878916563,0
112.3703105737153,29.37599773449783,0
112.3703105737153,29.37599773449783,0
112.37031671480545,29.376447459518666,0
112.37031217404531,29.376417601647457,0
112.37030020367783,29.376389363653857,0
112.37028139701428,29.376364145140585,0
112.37025668620176,29.376343196050293,0
112.3702272960212,29.37632755471332,0
112.37019468318172,29.376317996383762,0
112.37016046412006,29.376314994814791,0
112.37016046412006,29.376314994814788,0
112.36563701024068,29.376361404174183,0
112.36560324729723,29.376365030609165,0
112.36557120914219,29.376375041516752,0
112.36554244933834,29.376390951458227,0
112.36551836247968,29.376411988944515,0
112.36550011656635,29.376437133846068,0
112.36548859636699,29.376465166859614,0
112.36548436051459,29.376494728633141,0
112.36548436051459,29.376494728633141,0</coordinates>
        </LineString>
      </Placemark>
      <Placemark id="28a16b94-b62c-4e57-a8d6-43ed318867c2">
        <name />
        <styleUrl>#524e3ad7-dbaf-41fb-adbf-d095d40b8233</styleUrl>
        <LineString>
          <altitudeMode>clampToGround</altitudeMode>
          <coordinates>112.36552539555052,29.374234151758401,0
112.36553376809786,29.373776395686384,0
112.36553578009915,29.373808115361243,0
112.3655461591307,29.373838555428566,0
112.36556433601503,29.373866046559698,0
112.36558931393937,29.373889081144032,0
112.36561972311993,29.373906395966685,0
112.36565389592057,29.373917041483647,0
112.36568995830623,29.373920433895211,0
112.36568995830623,29.373920433895204,0
112.37012895946225,29.373875533526974,0
112.37016325473867,29.373871799635378,0
112.37019574391938,29.373861480701692,0
112.37022480074566,29.373845093244636,0
112.37024897076854,29.373823457545043,0
112.37026704415211,29.373797656585928,0
112.37027811623209,29.373768981842993,0
112.37028163279832,29.373738868638949,0
112.37028163279832,29.373738868638949,0
112.37028840927991,29.374189417849138,0
112.3702840923137,29.374159388603822,0
112.37027226210991,29.374130951274651,0
112.37025351068264,29.374105528925352,0
112.3702287763966,29.37408439374283,0
112.37019929700882,29.374068603374692,0
112.37016654772869,29.374058948002805,0
112.37013216739585,29.374055910801378,0
112.37013216739585,29.374055910801381,0
112.36567806506545,29.374100963947431,0
112.36564432037747,29.374104581731853,0
112.36561229647208,29.374114577449703,0
112.36558354452508,29.374130466928207,0
112.36555945722681,29.374151480512054,0
112.36554120132304,29.374176600343631,0
112.36552966110001,29.374204609665679,0
112.36552539555052,29.374234151758397,0
112.36552539555052,29.374234151758401,0</coordinates>
        </LineString>
      </Placemark>
      <Placemark id="faa238ee-1ac5-4629-93d5-da8e24c7eb07">
        <name />
        <styleUrl>#524e3ad7-dbaf-41fb-adbf-d095d40b8233</styleUrl>
        <LineString>
          <altitudeMode>clampToGround</altitudeMode>
          <coordinates>112.36557904981579,29.37110195303012,0
112.36560461148002,29.370495147679115,0
112.36560851423448,29.370526169836207,0
112.36561846286571,29.370556138520545,0
112.36563415960511,29.370584156735902,0
112.36565513463573,29.370609385865112,0
112.36568076015396,29.370631070770997,0
112.36571026916025,29.370648562398753,0
112.36574277841618,29.37066133720306,0
112.36577731488111,29.370669012818691,0
112.3658128448367,29.370671359505277,0
112.3658128448367,29.370671359505277,0
112.37003400979305,29.370629325096932,0
112.37006970101898,29.370626233524334,0
112.3701042387372,29.370617765230023,0
112.3701365755368,29.370604177028685,0
112.37016573075427,29.370585881004171,0
112.37019082021388,29.37056343201224,0
112.37021108304187,29.370537510853413,0
112.37022590474098,29.370508903626487,0
112.37023483582567,29.370478477888661,0
112.37023760545299,29.370447156345378,0
112.37023760545299,29.370447156345378,0
112.37025875168929,29.371056639785554,0
112.37025462588768,29.371025784566939,0
112.37024451756474,29.370996006899919,0
112.37022872649705,29.370968189868471,0
112.37020772098705,29.370943158411478,0
112.37018212397486,29.370921654858613,0
112.37015269456408,29.370904316916103,0
112.37012030551004,29.370891658755216,0
112.37008591733751,29.370884055764282,0
112.37005054985596,29.370881733416333,0
112.37005054985596,29.370881733416333,0
112.36578264208345,29.370924233307917,0
112.36574750457541,29.370927233256385,0
112.36571346824155,29.370935445592846,0
112.3656815332149,29.37094862900398,0
112.36565263788404,29.370966396104965,0
112.36562763131955,29.370988224822266,0
112.36560724832476,29.371013473734269,0
112.36559208784392,29.37104140091877,0
112.36558259536235,29.371071185753628,0
112.36557904981579,29.37110195303012,0
112.36557904981579,29.37110195303012,0</coordinates>
        </LineString>
      </Placemark>
      <Placemark id="7cc8179f-ef0d-4455-a41d-a6fb00a6cff0">
        <name />
        <styleUrl>#524e3ad7-dbaf-41fb-adbf-d095d40b8233</styleUrl>
        <LineString>
          <altitudeMode>clampToGround</altitudeMode>
          <coordinates>112.36566517643817,29.366417077667684,0
112.36567470605858,29.365970013789752,0
112.36567890045745,29.365999787355101,0
112.36569048168107,29.366028019402115,0
112.36570888036631,29.366053321955885,0
112.36573319198064,29.366074451063653,0
112.36576222129118,29.366090367951681,0
112.36579454112609,29.366100290095126,0
112.36582856253916,29.366103729689772,0
112.36582856253916,29.366103729689772,0
112.37002338993803,29.366117685458484,0
112.370058161936,29.3661143304207,0
112.3700911802064,29.366104207236191,0
112.37012075103391,29.366087835187368,0
112.37014535754628,29.366066054100042,0
112.37016373752456,29.366039981263061,0
112.37017494815005,29.36601095411508,0
112.37017841436655,29.365980461638568,0
112.37017841436653,29.365980461638575,0
112.37019107171463,29.366430092792296,0
112.37018650646976,29.366400611701973,0
112.37017469584902,29.366372717368758,0
112.37015621093134,29.366347758554351,0
112.37013194551302,29.366326942079844,0
112.37010307288985,29.366311274473244,0
112.37007098912532,29.366301513301764,0
112.37003724554786,29.366298130541928,0
112.37003724554786,29.366298130541928,0
112.36582020020961,29.366284101210386,0
112.36578616822888,29.366287309667548,0
112.36575377857534,29.36629700489161,0
112.3657246218693,29.36631271076115,0
112.36570012996636,29.366333655978323,0
112.36568150564084,29.366358811946128,0
112.36566966351866,29.366386943281189,0
112.3656651851604,29.366416668481847,0
112.36566517643817,29.366417077667684,0</coordinates>
        </LineString>
      </Placemark>
      <Placemark id="d7608506-894f-4017-9db9-94a828b49498">
        <name />
        <styleUrl>#524e3ad7-dbaf-41fb-adbf-d095d40b8233</styleUrl>
        <LineString>
          <altitudeMode>clampToGround</altitudeMode>
          <coordinates>112.37098963107042,29.376434675771311,0
112.37098334161531,29.375990909403065,0
112.3709874102867,29.376020122725912,0
112.37099859460612,29.376047874377822,0
112.37101636539931,29.37607285130532,0
112.37103988185511,29.376093871738597,0
112.37106803130733,29.37610994110662,0
112.37109948187998,29.376120299095195,0
112.37113274550454,29.376124455621117,0
112.37113274550454,29.37612445562112,0
112.37116401216397,29.376124137439646,0
112.3711952788224,29.376123819213344,0
112.37122654547983,29.376123500942182,0
112.37125781213625,29.376123182626198,0
112.37128907879166,29.376122864265355,0
112.37132034544608,29.376122545859683,0
112.37135161209947,29.376122227409166,0
112.37138287875189,29.376121908913806,0
112.37141414540328,29.376121590373604,0
112.37144541205367,29.376121271788552,0
112.37147667870306,29.376120953158683,0
112.37150794535145,29.376120634483961,0
112.37153921199882,29.376120315764393,0
112.3715704786452,29.376119996999986,0
112.37160174529058,29.376119678190737,0
112.37163301193493,29.376119359336652,0
112.37166427857829,29.376119040437718,0
112.37169554522065,29.376118721493949,0
112.37172681186199,29.376118402505345,0
112.37175807850234,29.376118083471894,0
112.37178934514166,29.376117764393605,0
112.37182061178,29.37611744527047,0
112.37185187841732,29.376117126102493,0
112.37188314505364,29.376116806889684,0
112.37191441168895,29.376116487632022,0
112.37194567832326,29.376116168329524,0
112.37197694495654,29.376115848982181,0
112.37200821158883,29.376115529589995,0
112.37203947822013,29.376115210152982,0
112.3720707448504,29.376114890671122,0
112.37210201147967,29.376114571144413,0
112.37213327810794,29.376114251572879,0
112.3721645447352,29.376113931956493,0
112.37219581136145,29.376113612295264,0
112.37222707798669,29.376113292589196,0
112.37225834461093,29.376112972838289,0
112.37228961123415,29.376112653042529,0
112.37232087785637,29.376112333201952,0
112.37235214447757,29.376112013316519,0
112.37238341109779,29.376111693386246,0
112.37241467771698,29.376111373411128,0
112.37244594433517,29.376111053391178,0
112.37247721095235,29.376110733326382,0
112.37250847756852,29.376110413216754,0
112.37253974418368,29.376110093062266,0
112.37257101079784,29.376109772862954,0
112.37260227741099,29.376109452618792,0
112.37263354402312,29.376109132329788,0
112.37266481063425,29.376108811995952,0
112.37269607724437,29.376108491617263,0
112.37272734385348,29.376108171193749,0
112.37275861046159,29.376107850725383,0
112.37278987706867,29.376107530212177,0
112.37282114367476,29.37610720965413,0
112.37285241027983,29.376106889051247,0
112.3728836768839,29.376106568403522,0
112.37291494348695,29.37610624771095,0
112.372946210089,29.37610592697353,0
112.37297747669004,29.376105606191281,0
112.37300874329006,29.376105285364197,0
112.37304000988907,29.37610496449226,0
112.37307127648708,29.376104643575488,0
112.37310254308407,29.376104322613873,0
112.37313380968006,29.37610400160742,0
112.37316507627503,29.376103680556124,0
112.37319634286899,29.376103359459982,0
112.37322760946195,29.376103038319005,0
112.3732588760539,29.376102717133193,0
112.37329014264482,29.376102395902535,0
112.37332140923473,29.376102074627031,0
112.37335267582365,29.376101753306685,0
112.37338394241155,29.3761014319415,0
112.37341520899844,29.376101110531479,0
112.3734464755843,29.376100789076609,0
112.37347774216917,29.376100467576915,0
112.37350900875302,29.376100146032361,0
112.37354027533587,29.376099824442974,0
112.3735715419177,29.376099502808749,0
112.3736028084985,29.376099181129682,0
112.37363407507831,29.376098859405761,0
112.3736653416571,29.376098537637017,0
112.37369660823488,29.376098215823429,0
112.37372787481165,29.376097893964989,0
112.37375914138741,29.37609757206172,0
112.37379040796216,29.376097250113602,0
112.37382167453589,29.376096928120649,0
112.37385294110859,29.37609660608285,0
112.37388420768031,29.376096284000212,0
112.37391547425099,29.376095961872739,0
112.37394674082067,29.37609563970042,0
112.37397800738934,29.376095317483259,0
112.374009273957,29.376094995221258,0
112.37404054052364,29.376094672914419,0
112.37407180708925,29.376094350562727,0
112.37410307365387,29.376094028166218,0
112.37413434021747,29.376093705724852,0
112.37416560678005,29.376093383238651,0
112.37419687334162,29.376093060707596,0
112.37422813990217,29.37609273813171,0
112.37425940646172,29.376092415510989,0
112.37429067302024,29.376092092845415,0
112.37432193957775,29.376091770135005,0
112.37435320613426,29.37609144737975,0
112.37438447268974,29.376091124579659,0
112.37441573924421,29.376090801734733,0
112.37444700579766,29.376090478844965,0
112.3744782723501,29.376090155910347,0
112.37450953890153,29.376089832930891,0
112.37454080545194,29.376089509906596,0
112.37457207200134,29.376089186837465,0
112.37460333854972,29.376088863723485,0
112.37463460509709,29.376088540564663,0
112.37466587164343,29.376088217361009,0
112.37469713818876,29.376087894112509,0
112.37472840473308,29.37608757081917,0
112.37475967127638,29.376087247480985,0
112.37479093781867,29.376086924097962,0
112.37482220435994,29.376086600670106,0
112.37485347090019,29.376086277197398,0
112.37488473743943,29.376085953679858,0
112.37491600397766,29.376085630117469,0
112.37494727051487,29.376085306510255,0
112.37494727051487,29.376085306510245,0
112.3749945194494,29.376102764278688,0
112.37502908950889,29.376104121660642,0
112.37506494624643,29.376099153999906,0
112.37509796278658,29.376085934884561,0
112.37512571356315,29.376065435460248,0
112.37514615986373,29.376039161721287,0
112.37515779960411,29.376009043871772,0
112.37515977767781,29.375977294522066,0
112.37515977767781,29.375977294522066,0
112.37518030525328,29.375975823721667,0
112.37521563035394,29.37635269141235,0
112.37519510640368,29.37635420176418,0
112.37518665458771,29.376321727684815,0
112.37516811905205,29.376292645104442,0
112.37514099532483,29.376269300521148,0
112.37510747185915,29.376253577467356,0
112.37507025345991,29.376246744540143,0
112.37507025345991,29.376246744540143,0
112.37500799797702,29.376247049127915,0
112.37496444557144,29.376265539265848,0
112.37457131770675,29.376269592902847,0
112.37444150036205,29.376270931226443,0
112.37276854608488,29.376288166872286,0
112.37263353217193,29.376289556940396,0
112.37114216103363,29.376304902612489,0
112.37110896346111,29.37630841427476,0
112.37107740650853,29.376318101020761,0
112.37104896893283,29.376333508930546,0
112.37102498331872,29.376353915990542,0
112.37100657363425,29.376378365926801,0
112.37099460256141,29.376405713015501,0
112.37098963107042,29.376434675771311,0
112.37098963107042,29.376434675771311,0</coordinates>
        </LineString>
      </Placemark>
      <Placemark id="a2164e8d-cadf-45a9-9737-285b8403e45a">
        <name />
        <styleUrl>#524e3ad7-dbaf-41fb-adbf-d095d40b8233</styleUrl>
        <LineString>
          <altitudeMode>clampToGround</altitudeMode>
          <coordinates>112.37095847407407,29.37417689030427,0
112.37093487013104,29.37376161957161,0
112.37093900137006,29.373791152608185,0
112.3709504026677,29.373819180565818,0
112.3709685226405,29.373844347957721,0
112.37099248497493,29.373865437638813,0
112.37102113080715,29.373881429669598,0
112.37105307476776,29.373891550642906,0
112.37108677198157,29.373895311087807,0
112.37108677198157,29.373895311087807,0
112.37474886157601,29.373948333222025,0
112.37478536260537,29.373945043266275,0
112.37481994781467,29.37393430516526,0
112.37485066556539,29.373916724869037,0
112.37487578246157,29.373893294431465,0
112.37489388116541,29.373865336028224,0
112.37490394037711,29.373834427346065,0
112.37490539246546,29.373802312553835,0
112.37490539246546,29.373802312553828,0
112.37496243201272,29.374217532056335,0
112.37495523664643,29.374186544813998,0
112.37494001943324,29.374157869467282,0
112.37491761302782,29.374133075060737,0
112.37488924345723,29.374113518282456,0
112.37485646303527,29.374100269229999,0
112.37482106542404,29.374094052857874,0
112.37482106542404,29.374094052857874,0
112.37371075128419,29.374077650709982,0
112.37307950743583,29.374068513452801,0
112.37292410252056,29.374066263506965,0
112.37111549157086,29.374040022386545,0
112.371080442544,29.374043030390141,0
112.37104708225824,29.37405291364756,0
112.37101714472064,29.37406915844544,0
112.37099218603201,29.374090920408882,0
112.37097350350396,29.37411706839006,0
112.37096206822679,29.37414624326275,0
112.37095847459305,29.374176928566975,0
112.37095847459305,29.374176928566975,0</coordinates>
        </LineString>
      </Placemark>
      <Placemark id="7cbfefd7-623b-402c-b8e6-686fa88cfffe">
        <name />
        <styleUrl>#524e3ad7-dbaf-41fb-adbf-d095d40b8233</styleUrl>
        <LineString>
          <altitudeMode>clampToGround</altitudeMode>
          <coordinates>112.37092944534155,29.371041589324953,0
112.37093407093097,29.371011697425079,0
112.37094433737859,29.370982903771058,0
112.3709599556305,29.370956019040861,0
112.37098048595509,29.370931800166588,0
112.3710053503239,29.37091092902336,0
112.37103384868601,29.370893993231519,0
112.37106517867794,29.370881469612506,0
112.37109845821368,29.370873710764371,0
112.37113275031942,29.370870935134569,0
112.37113275031942,29.370870935134569,0
112.37461390259445,29.37083614035058,0
112.37464379215406,29.370856977160386,0
112.37466983252177,29.370881458759701,0
112.37469145032716,29.370909046102476,0
112.37470816957649,29.370939131758668,0
112.3747196221335,29.370971053288795,0
112.37472555582546,29.37100410782968,0
112.37472555582546,29.37100410782968,0
112.37463297786206,29.370420124713945,0
112.37463461698655,29.370450714146017,0
112.37463040835864,29.370481114554089,0
112.37462046988226,29.370510474239133,0
112.37460507998959,29.370537970658319,0
112.37458466984097,29.370562833469549,0
112.37455981124583,29.370584366113558,0
112.37455981124583,29.370584366113558,0
112.37111758009912,29.370618513335121,0
112.37108179367564,29.370616128541979,0
112.37104702328283,29.370608338200171,0
112.37101432483158,29.370595378887465,0
112.37098469131102,29.370577644153467,0
112.37095902263292,29.370555672568038,0
112.37093809830294,29.370530131365815,0
112.37092255374866,29.370501796183333,0
112.37091286102304,29.370471527504247,0
112.37090931446963,29.370440244527973,0
112.37090931446963,29.370440244527977,0
112.37092944534155,29.371041589324953,0</coordinates>
        </LineString>
      </Placemark>
      <Placemark id="28b2d313-68e4-450f-b868-7bec3a4c0394">
        <name />
        <styleUrl>#524e3ad7-dbaf-41fb-adbf-d095d40b8233</styleUrl>
        <LineString>
          <altitudeMode>clampToGround</altitudeMode>
          <coordinates>112.36544138183547,29.36361121086868,0
112.36547596128761,29.362663684760349,0
112.3654680163238,29.362715652813996,0
112.3654516301805,29.362750559341951,0
112.36542990317074,29.362778990705532,0
112.36539710750429,29.362807950025594,0
112.36535706894711,29.362828521305964,0
112.36531052607165,29.362841815866904,0
112.36524928140288,29.362844431567975,0
112.36345119705648,29.362810559302648,0
112.36328918329374,29.363354481047725,0
112.36387887862605,29.363362757357603,0
112.36449076054797,29.363375931267537,0
112.36506842483854,29.36338376084473,0
112.36517384533322,29.363385821098046,0
112.36522914658326,29.36339184671284,0
112.3652838230942,29.363406001235433,0
112.36533874277389,29.363433653160204,0
112.36539224379371,29.363481310976166,0
112.36541571570629,29.363515659804026,0
112.36543457203101,29.363562256558794,0
112.36544138183547,29.36361121086868,0
112.36544268758423,29.363575431633873,0
112.36544138183547,29.36361121086868,0</coordinates>
        </LineString>
      </Placemark>
      <Placemark id="07489067-25c9-4598-85fc-6a09f6f19367">
        <name />
        <styleUrl>#524e3ad7-dbaf-41fb-adbf-d095d40b8233</styleUrl>
        <LineString>
          <altitudeMode>clampToGround</altitudeMode>
          <coordinates>112.36527436205463,29.368178108057656,0
112.36386693815993,29.368173391298107,0
112.36387523172476,29.366277716527641,0
112.36521150231526,29.366282540527603,0
112.36525815999303,29.366306147445908,0
112.36529754068835,29.366338360812623,0
112.36529754068835,29.366338360812623,0
112.36530578920116,29.366369293718307,0
112.36527436205463,29.368178108057656,0</coordinates>
        </LineString>
      </Placemark>
      <Placemark id="06e0f7a8-c388-4a27-95d6-69a1c2301d9c">
        <name />
        <styleUrl>#524e3ad7-dbaf-41fb-adbf-d095d40b8233</styleUrl>
        <LineString>
          <altitudeMode>clampToGround</altitudeMode>
          <coordinates>112.36568996520573,29.373920950833874,0
112.36566884122226,29.373919876620668,0
112.36562484291419,29.37390902568918,0
112.36557605940747,29.373878723425292,0
112.36554635956313,29.373836195934341,0
112.36553707343541,29.3738078235648,0
112.36555070114409,29.372930614633955,0
112.37027105311932,29.372882188229919,0
112.37028163972298,29.373739385576624,0
112.37026952911638,29.373793364660724,0
112.37025738471712,29.373813618528519,0
112.37023567970036,29.373837062787768,0
112.37021192496378,29.373853919784466,0
112.37018657960996,29.373865655944449,0
112.37015324786414,29.37387413184878,0
112.36568996520573,29.373920950833874,0</coordinates>
        </LineString>
      </Placemark>
      <Placemark id="bd79b005-a8b6-431d-b06f-f98f36667050">
        <name />
        <styleUrl>#524e3ad7-dbaf-41fb-adbf-d095d40b8233</styleUrl>
        <LineString>
          <altitudeMode>clampToGround</altitudeMode>
          <coordinates>112.37023760545299,29.370447156345378,0
112.37023483582568,29.370478477888661,0
112.37022590474098,29.370508903626487,0
112.37021108304187,29.37053751085341,0
112.37019082021388,29.370563432012236,0
112.37016573075427,29.370585881004171,0
112.3701365755368,29.370604177028685,0
112.3701042387372,29.370617765230023,0
112.37006970101898,29.370626233524334,0
112.37003400979305,29.370629325096932,0
112.37003400979305,29.370629325096932,0
112.36581284483667,29.370671359505277,0
112.3657773148811,29.370669012818691,0
112.36574277841616,29.370661337203053,0
112.36571026916023,29.370648562398745,0
112.36568076015395,29.370631070770994,0
112.36565513463572,29.370609385865112,0
112.36563415960511,29.370584156735895,0
112.3656184628657,29.370556138520538,0
112.36560851423448,29.370526169836207,0
112.36560461148002,29.370495147679115,0
112.36560461148002,29.370495147679115,0
112.36562303697455,29.369117713706732,0
112.36566918565457,29.369113884851153,0
112.36776703643669,29.369116063734758,0
112.36776695052858,29.369107157779958,0
112.36931876777886,29.369091937290232,0
112.36931876881219,29.369094911357067,0
112.37011957206192,29.369095161342514,0
112.37021873614576,29.369096346279569,0
112.37023760545299,29.370447156345378,0</coordinates>
        </LineString>
      </Placemark>
      <Placemark id="e247f717-8a52-40ee-876e-72821fb3c964">
        <name />
        <styleUrl>#524e3ad7-dbaf-41fb-adbf-d095d40b8233</styleUrl>
        <LineString>
          <altitudeMode>clampToGround</altitudeMode>
          <coordinates>112.37027105311932,29.372882188229919,0
112.36555070114409,29.372930614633955,0
112.36558326731502,29.371102412806913,0
112.365579135606,29.371099916472563,0
112.36557938541614,29.371093986276332,0
112.36558425064861,29.371064249165521,0
112.36559468225248,29.371035631567189,0
112.36561039094666,29.371008927069678,0
112.36563094111315,29.370984876208951,0
112.3656557628774,29.370964145933094,0
112.36568416791158,29.370947311107503,0
112.3657153685225,29.370934838573657,0
112.36574849949473,29.370927074203408,0
112.36578264208345,29.370924233307917,0
112.36578264208345,29.370924233307917,0
112.37005054985599,29.370881733416333,0
112.37008751759866,29.370884289130991,0
112.37012336287759,29.370892610094778,0
112.37015692359476,29.370906426543304,0
112.37018711171631,29.370925290549405,0
112.37021294854587,29.370948590544714,0
112.3702335964538,29.370975571146332,0
112.3702335964538,29.370975571146332,0
112.37024743228908,29.371003387334142,0
112.37027105311932,29.372882188229919,0</coordinates>
        </LineString>
      </Placemark>
      <Placemark id="edb29a49-0a2f-4783-8391-ed1072ba3fab">
        <name />
        <styleUrl>#524e3ad7-dbaf-41fb-adbf-d095d40b8233</styleUrl>
        <LineString>
          <altitudeMode>clampToGround</altitudeMode>
          <coordinates>112.36633793692887,29.350331320544328,0
112.36631004078912,29.350710469093297,0
112.36631724426248,29.350677457709061,0
112.36633351297714,29.350647020373668,0
112.3663578430476,29.350621035254431,0
112.3663578430476,29.350621035254431,0
112.36987472473781,29.350584966892615,0
112.36991421627106,29.350591428937005,0
112.36994787835123,29.350610640312432,0
112.36997058540781,29.350639675792898,0
112.36997887993212,29.350674114279546,0
112.36997887993212,29.350674114279546,0
112.36997410597154,29.350313341852026,0
112.36996672746731,29.350347934153465,0
112.36994480169572,29.350377420100315,0
112.3699116661092,29.350397311446194,0
112.36987236448782,29.350404580398497,0
112.36987236448782,29.350404580398497,0
112.36638838691067,29.350440311534896,0
112.36635920760223,29.350409021579495,0
112.36634187570348,29.35037157813078,0
112.36633793692887,29.350331320544328,0
112.36633793692887,29.350331320544328,0</coordinates>
        </LineString>
      </Placemark>
      <Placemark id="88651d10-fdf6-48f8-9689-ba546846afe1">
        <name />
        <styleUrl>#524e3ad7-dbaf-41fb-adbf-d095d40b8233</styleUrl>
        <LineString>
          <altitudeMode>clampToGround</altitudeMode>
          <coordinates>112.36994400500245,29.348105449920165,0
112.37060104330361,29.348086804859609,0
112.37068206628193,29.353950308065091,0
112.37002125750629,29.353940136752243,0
112.36994400500245,29.348105449920165,0</coordinates>
        </LineString>
      </Placemark>
      <Placemark id="63ccdd2b-fcf6-4cb5-ae57-49ac3ae1835f">
        <name />
        <styleUrl>#524e3ad7-dbaf-41fb-adbf-d095d40b8233</styleUrl>
        <LineString>
          <altitudeMode>clampToGround</altitudeMode>
          <coordinates>112.37075976887165,29.35908332844004,0
112.3707436884899,29.357883208593559,0
112.37296485346273,29.357988923437958,0
112.37305833389829,29.359074859291535,0
112.37193889421022,29.359108599590304,0
112.37194127791653,29.359063337483857,0
112.37176063237021,29.359065366925861,0
112.37075976887165,29.35908332844004,0</coordinates>
        </LineString>
      </Placemark>
      <Placemark id="73720b42-a770-4eae-b693-94c4e452fd27">
        <name />
        <styleUrl>#524e3ad7-dbaf-41fb-adbf-d095d40b8233</styleUrl>
        <LineString>
          <altitudeMode>clampToGround</altitudeMode>
          <coordinates>112.38439852680636,29.361478195332193,0
112.38560572014519,29.36148303912514,0
112.38556991925068,29.363222831447995,0
112.38288588434374,29.363211770086444,0
112.38288887892108,29.363151850185886,0
112.38288727386251,29.363001048302728,0
112.38291764614881,29.362975009971088,0
112.38298453807278,29.362353547693626,0
112.38311628230815,29.361903003409736,0
112.38325412779956,29.361911599866353,0
112.38338788152538,29.361876665504077,0
112.38349932054933,29.361869497221839,0
112.38380206115116,29.361795772159319,0
112.38403006356386,29.361692687705098,0
112.38417562582076,29.361702674590294,0
112.38438378338196,29.361543456509963,0
112.38439852680636,29.361478195332193,0</coordinates>
        </LineString>
      </Placemark>
    </Folder>
    <Folder id="72a478af-e94a-458c-a1dd-92580c565ecf">
      <name>DLSS</name>
      <Placemark id="d064548a-e1f8-42a5-9a0b-795527779224">
        <name />
        <styleUrl>#524e3ad7-dbaf-41fb-adbf-d095d40b8233</styleUrl>
        <LineString>
          <altitudeMode>clampToGround</altitudeMode>
          <coordinates>112.37024469705544,29.378878425782872,0
112.36564036814029,29.378927299758065,0
112.36549347764741,29.378928856351845,0
112.36550980369707,29.377981251011519,0
112.3656754181963,29.377438892390945,0
112.36568344015514,29.377414922978677,0
112.36569241402594,29.377371816323503,0
112.36570300525715,29.377320940514597,0
112.36571933559745,29.377242496354175,0
112.36577124818473,29.37704361885363,0
112.36581618898255,29.376935621639756,0
112.36584549894658,29.376825405076065,0
112.36588062458486,29.376652976050657,0
112.3659030724412,29.376387957363473,0
112.36911766245514,29.376354985922003,0
112.37005649304068,29.376345378362672,0
112.37021280340981,29.376479079578477,0
112.37024476043632,29.378878425109011,0</coordinates>
        </LineString>
      </Placemark>
    </Folder>
    <Folder id="83538378-7189-4b7f-83b4-67665adb8339">
      <name>COMPONENT</name>
    </Folder>
    <Folder id="1c288867-b122-4cdf-95e7-36bd000c5047">
      <name>ZJ</name>
    </Folder>
    <Folder id="c871ed8e-a6a0-4b73-80bb-91fd01e817b0">
      <name>JMD</name>
    </Folder>
    <Folder id="0e4daf95-84a2-49c9-b995-fcfb9cb63b58">
      <name>SXSS</name>
    </Folder>
    <Folder id="0c611c63-0d42-4cc5-9b00-de84bef7712a">
      <name>ZBTZ</name>
    </Folder>
    <Folder id="5bcac7f0-c145-42a8-8e80-023db8139d94">
      <name>ASSIST</name>
    </Folder>
    <Folder id="470f91d3-9b49-4f14-877a-3c581ad1ecd4">
      <name>DLDW</name>
    </Folder>
    <Folder id="43673bec-66c8-4492-b0c0-40536190ac8c">
      <name>DMTZ</name>
    </Folder>
    <Folder id="8da71166-8443-4d9b-b678-fcb4d077ffa2">
      <name>KZD</name>
    </Folder>
    <Folder id="78fc3174-79e0-43a2-b504-dcfcfeb93113">
      <name>RD-中线</name>
    </Folder>
    <Folder id="930d6d39-fd7b-4805-a2f9-26a27b23b4f5">
      <name>红线</name>
      <Placemark id="217cc409-fbd5-41fc-92b9-6ab91fb6ea5d">
        <name />
        <styleUrl>#524e3ad7-dbaf-41fb-adbf-d095d40b8233</styleUrl>
        <LineString>
          <altitudeMode>clampToGround</altitudeMode>
          <coordinates>112.36776938599019,29.381474205479016,0
112.36772297690057,29.380085540232404,0
112.36547631865413,29.380102845183668,0
112.36545446737861,29.381167456307121,0
112.36545531128189,29.381195452060453,0
112.36545898466804,29.381223272154458,0
112.36546545863156,29.38125069765875,0
112.36547468222777,29.381277512747992,0
112.36548658287349,29.381303506400332,0
112.36550106691826,29.38132847405813,0
112.36551802038127,29.381352219237638,0
112.36553730984828,29.381374555075379,0
112.36555878352144,29.38139530579857,0
112.36558227241393,29.381414308108511,0
112.36560759167976,29.381431412465602,0
112.36563454206843,29.381446484266267,0
112.36566291149292,29.381459404902152,0
112.36569247669877,29.381470072693585,0
112.36572300502102,29.381478403689787,0
112.36575425621525,29.381484332329531,0
112.36578598434816,29.381487811957054,0
112.36581793973312,29.381488815189282,0
112.36581793973312,29.381488815189282,0
112.36776938599019,29.381474205479016,0</coordinates>
        </LineString>
      </Placemark>
    </Folder>
    <Folder id="f8d5fac3-c51f-4582-8d71-5cf11e330617">
      <name>MJZJ</name>
    </Folder>
    <Folder id="7feed0fe-5929-40b7-b756-5be96081bc1e">
      <name>JX</name>
    </Folder>
    <Folder id="f36ef341-2593-4841-957a-7013074b4382">
      <name>DMZJ</name>
    </Folder>
    <Folder id="69f6d948-b4e3-4efa-ab87-14da7615f854">
      <name>规划线路</name>
    </Folder>
    <Folder id="a5dc2e90-9435-433b-977a-a0e18e7b0a3c">
      <name>道路延长线</name>
    </Folder>
    <Folder id="3877542a-55dd-4586-8f39-ba8fd989b2a9">
      <name>Defpoints</name>
    </Folder>
    <Folder id="b0829e37-95f7-462a-bdb4-cd0adc0e1404">
      <name>AXIS_TEXT</name>
    </Folder>
    <Folder id="0f15bb26-f622-4f9a-920c-dedb549e52ef">
      <name>PUB_WALL</name>
    </Folder>
    <Folder id="7b4163e8-28c2-48fd-9b86-ca3a60c9a2a6">
      <name>GCD</name>
    </Folder>
    <Folder id="203eba98-7dd5-4bd3-99b0-166f26651808">
      <name>GXYZ</name>
    </Folder>
    <Folder id="26a9cea6-0ede-4267-ad07-04a9ea631ad8">
      <name>TK</name>
    </Folder>
    <Folder id="1fc25fc8-66dc-447b-b535-30f9bfcec999">
      <name>PUB_TEXT</name>
    </Folder>
    <Folder id="da895ab0-401f-4327-924b-7c17888534b8">
      <name>1</name>
    </Folder>
    <Folder id="88834c71-6371-4e26-a874-a9297686524d">
      <name>4</name>
    </Folder>
    <Folder id="1a44c102-85ce-4053-b8dd-5a5a1bfb3230">
      <name>DIM_ELEV</name>
    </Folder>
    <Folder id="8e3271df-9e86-4da5-94de-e18917ef343b">
      <name>图框层</name>
    </Folder>
    <Folder id="3f7b8bb3-9181-40fa-9960-5fcc4beb3af9">
      <name>DIM_COOR</name>
    </Folder>
    <Folder id="a9c88754-4ab5-49ca-b1bd-8c8892c5edc5">
      <name>5</name>
    </Folder>
    <Folder id="d4904daf-dad3-49ec-99fd-384a8424c737">
      <name>fqg_zbbz</name>
    </Folder>
    <Folder id="b0f15377-e034-4c0e-ab22-dcb4880aa8c9">
      <name>MAPLAYER_0</name>
      <Placemark id="9ccc643c-9650-452c-9913-5c352fb8b8bd">
        <name />
        <styleUrl>#524e3ad7-dbaf-41fb-adbf-d095d40b8233</styleUrl>
        <LineString>
          <altitudeMode>clampToGround</altitudeMode>
          <coordinates>112.37744794911762,29.395492645973796,-1.0530000000000008
112.37737837822876,29.394843931786767,-1.0530000000000008
112.377227568124,29.394845713629731,-1.0530000000000008
112.37717761132684,29.394365665830694,-1.0530000000000008
112.37913822680656,29.39434675559766,-1.0530000000000008
112.37915617867782,29.395474428515286,-1.0530000000000008
112.37744794911762,29.395492645973796,-1.0530000000000008</coordinates>
        </LineString>
      </Placemark>
      <Placemark id="384bca96-1249-46f8-996b-acfca04b9c1e">
        <name />
        <styleUrl>#524e3ad7-dbaf-41fb-adbf-d095d40b8233</styleUrl>
        <LineString>
          <altitudeMode>clampToGround</altitudeMode>
          <coordinates>112.37741806734832,29.392664722934946,0
112.37701546059796,29.392708566640909,0
112.37703847950071,29.392975264157677,0
112.37706051199531,29.393219166861822,0
112.3771078292592,29.393654216319007,0
112.37717761132684,29.394365665830694,0
112.37730633621121,29.39436433576482,0
112.37913820967182,29.39434539424084,0
112.37913313601436,29.393942287224526,0
112.379128767693,29.393577767082331,0
112.37910582684735,29.392157151356084,0
112.37736346002441,29.392356817606807,0
112.37741806734832,29.392664722934946,0
112.37701546059796,29.392708566640909,0</coordinates>
        </LineString>
      </Placemark>
    </Folder>
    <Folder id="7796973f-4be9-44f0-b36f-96e1dfce7a81">
      <name>PP-COM</name>
    </Folder>
    <Folder id="918b9bec-58e3-497d-8782-e00eed8de093">
      <name>RD-侧石线</name>
    </Folder>
    <Folder id="3cf8380a-d7e4-4704-8ed5-620fc5f6e73b">
      <name>AXIS</name>
    </Folder>
    <Folder id="56533b5a-df3e-4908-b509-d623571d8647">
      <name>道路边线</name>
    </Folder>
    <Folder id="ce205e7d-357b-49f2-b53e-4eae8cf7ed43">
      <name>车行道边线</name>
    </Folder>
    <Folder id="8bfad3e3-16dd-494f-a87b-95821b44f39e">
      <name>图层批地</name>
      <Placemark id="11078847-25c5-4ccc-b638-43964a3ab1e1">
        <name />
        <styleUrl>#524e3ad7-dbaf-41fb-adbf-d095d40b8233</styleUrl>
        <LineString>
          <altitudeMode>clampToGround</altitudeMode>
          <coordinates>112.37390978934505,29.392984184477676,0
112.37377027998549,29.391177442495056,0
112.37392814589542,29.391169971448196,0
112.37408084646457,29.391182115446792,0
112.37423813843772,29.391205001703138,0
112.37438219388297,29.391250798931086,0
112.37460773947288,29.391285798367022,0
112.37479172089401,29.391317059926951,0
112.37500391251071,29.391349368412314,0
112.37562934714825,29.391460949705692,0
112.37576743313313,29.391465833959689,0
112.37598571130474,29.391541616401501,0
112.37635661941449,29.391583705781212,0
112.3764611041524,29.392821751620776,0
112.37390978934505,29.392984184477676,0</coordinates>
        </LineString>
      </Placemark>
      <Placemark id="485f57b4-4f22-40ac-a351-33b5b785c97e">
        <name />
        <styleUrl>#524e3ad7-dbaf-41fb-adbf-d095d40b8233</styleUrl>
        <LineString>
          <altitudeMode>clampToGround</altitudeMode>
          <coordinates>112.36960521872273,29.384718947777365,0
112.3704286699633,29.384713064308833,0
112.37041856729682,29.383960454394469,0
112.36959815723965,29.383966063152272,0
112.36960521872273,29.384718947777365,0</coordinates>
        </LineString>
      </Placemark>
      <Placemark id="0d48cd97-2d87-4eea-a045-edfd9a695361">
        <name />
        <styleUrl>#524e3ad7-dbaf-41fb-adbf-d095d40b8233</styleUrl>
        <LineString>
          <altitudeMode>clampToGround</altitudeMode>
          <coordinates>112.37547874589269,29.376124494269249,1
112.37773692717576,29.376058503945885,1
112.37769351180468,29.373986666669342,1
112.37526928570384,29.373961502871929,1
112.37547874589269,29.376124494269249,1</coordinates>
        </LineString>
      </Placemark>
      <Placemark id="f877b12e-b1e1-4605-81b5-576fb78957f8">
        <name />
        <styleUrl>#524e3ad7-dbaf-41fb-adbf-d095d40b8233</styleUrl>
        <LineString>
          <altitudeMode>clampToGround</altitudeMode>
          <coordinates>112.37210688932025,29.391909935138152,0
112.37232728268684,29.391875275325017,0
112.37247311074272,29.391829526556016,0
112.37272135299149,29.391712302239302,0
112.37292166338389,29.391585339244717,0
112.37314478464022,29.391431445412316,0
112.37324484565021,29.391361321696284,0
112.37340948432937,29.391263573753442,0
112.37370754903293,29.391180963008551,0
112.37377027077201,29.391177994198681,0
112.37390183107861,29.392886638449223,0
112.37223491917051,29.392991271626897,0
112.37219986831958,29.392695235849665,0
112.37221990345567,29.392653812554233,0
112.37221815286527,29.392523413116656,0
112.37217477958163,29.392398658899111,0
112.37216257076088,29.392380222366803,0
112.37210688932025,29.391909935138152,0</coordinates>
        </LineString>
      </Placemark>
      <Placemark id="90dd41b4-c5a2-41bc-9fc9-3a85554ae6ce">
        <name />
        <styleUrl>#524e3ad7-dbaf-41fb-adbf-d095d40b8233</styleUrl>
        <LineString>
          <altitudeMode>clampToGround</altitudeMode>
          <coordinates>112.37745048804295,29.38845792837326,0
112.37740226527329,29.387859485289603,0
112.37654915613761,29.387910514017207,0
112.37656120563912,29.388034250631733,0
112.37688847155574,29.388014669697217,0
112.37692650105953,29.38848903254857,0
112.37745048804295,29.38845792837326,0</coordinates>
        </LineString>
      </Placemark>
      <Placemark id="3cd2795f-ada3-4423-bb8e-eca107bc30fc">
        <name />
        <styleUrl>#524e3ad7-dbaf-41fb-adbf-d095d40b8233</styleUrl>
        <LineString>
          <altitudeMode>clampToGround</altitudeMode>
          <coordinates>112.37696282049481,29.390763153528582,0
112.37797302754551,29.390994326340788,0
112.37896354448785,29.391252221788648,0
112.37890728344634,29.388517665905251,0
112.3769146246681,29.388655295979625,0
112.37683985116595,29.389205310515393,0
112.37696282049481,29.390763153528582,0</coordinates>
        </LineString>
      </Placemark>
    </Folder>
    <Folder id="9d33b4a4-d970-4f5b-9923-d8779ff54fcb">
      <name>ZDH</name>
    </Folder>
    <Folder id="e7e784f6-d9d3-4685-b8e5-2e48280676f6">
      <name>-hx</name>
    </Folder>
    <Folder id="5abe3c11-b1e9-4cf2-a6d2-12a104e31adf">
      <name>TX-文字说明</name>
    </Folder>
    <Folder id="9704beb7-fb9e-4fc5-96bd-6b17fd319abc">
      <name>HX-规划范围</name>
    </Folder>
    <Folder id="b3e7acc1-0bf2-4e93-b14f-3174f437f32e">
      <name>尺寸标注</name>
    </Folder>
    <Folder id="ae598856-5894-4dce-af8d-a846c8ce8ac4">
      <name>供地线</name>
      <Placemark id="e05838ee-d199-404e-8ffa-d65dd9b0b4ff">
        <name />
        <styleUrl>#1bf9aedb-08e5-4c14-98d9-2fc1730e23e4</styleUrl>
        <LineString>
          <altitudeMode>clampToGround</altitudeMode>
          <coordinates>112.37275886324669,29.387026561163506,0
112.37117799086133,29.387145340105942,0
112.37114197391587,29.387217737164057,0
112.3711163212796,29.387273977757193,0
112.37109957775075,29.387310686074386,0
112.37107583666467,29.387374127027794,0
112.37106283453512,29.387414275725806,0
112.37104983239597,29.387454424422646,0
112.37104465419222,29.387492275159058,0
112.37063214107849,29.387496524096871,0
112.37062331153436,29.387423802589723,0
112.37054201956794,29.387249306288268,0
112.37049698351616,29.387152629510691,0
112.37045951758793,29.387010511250882,0
112.37045897331788,29.386898182299301,0
112.37002620402943,29.386900830633667,0
112.37002561347661,29.386826792907968,0
112.36968517155739,29.386829250901737,0
112.36959005821301,29.386078094547845,0
112.370252746248,29.386073325148828,0
112.3704696857862,29.386002398755732,0
112.37049560095085,29.385890418692391,0
112.37062295718164,29.385614652570741,0
112.37092814926721,29.38561150932146,0
112.3709268270523,29.385814242560915,0
112.37261862796906,29.385801891572118,0
112.37275886324669,29.387026561163506,0</coordinates>
        </LineString>
      </Placemark>
      <Placemark id="a76789c3-0669-44a6-9830-10f9dca04968">
        <name />
        <styleUrl>#524e3ad7-dbaf-41fb-adbf-d095d40b8233</styleUrl>
        <LineString>
          <altitudeMode>clampToGround</altitudeMode>
          <coordinates>112.37275886324669,29.387026561163506,0
112.37117799086133,29.387145340105942,0
112.37114197391587,29.387217737164057,0
112.3711163212796,29.387273977757193,0
112.37109957775075,29.387310686074386,0
112.37107583666467,29.387374127027794,0
112.37106283453512,29.387414275725806,0
112.37104983239597,29.387454424422646,0
112.37104465419222,29.387492275159058,0
112.37063214107849,29.387496524096871,0
112.37062331153436,29.387423802589723,0
112.37054201956794,29.387249306288268,0
112.37049698351616,29.387152629510691,0
112.37045951758793,29.387010511250882,0
112.37045897331788,29.386898182299301,0
112.37002620402943,29.386900830633667,0
112.37002561347661,29.386826792907968,0
112.36968517155739,29.386829250901737,0
112.36959005821301,29.386078094547845,0
112.370252746248,29.386073325148828,0
112.3704696857862,29.386002398755732,0
112.37049560095085,29.385890418692391,0
112.37062295718164,29.385614652570741,0
112.37092814926721,29.38561150932146,0
112.3709268270523,29.385814242560915,0
112.37261862796906,29.385801891572118,0
112.37275886324669,29.387026561163506,0</coordinates>
        </LineString>
      </Placemark>
      <Placemark id="20456202-62a1-4f2a-ac04-baff09799c2e">
        <name />
        <styleUrl>#524e3ad7-dbaf-41fb-adbf-d095d40b8233</styleUrl>
        <LineString>
          <altitudeMode>clampToGround</altitudeMode>
          <coordinates>112.37120441312199,29.384695558494595,0
112.37329035394266,29.384703731411328,0
112.37329021004555,29.381951989667865,0
112.37147020063691,29.382004350441026,0
112.37139202063027,29.382015496582948,0
112.37131263427558,29.382045369016534,0
112.37125393598984,29.38208397614908,0
112.37121858022344,29.382126416799078,0
112.37118768507776,29.382188056438864,0
112.37117539442113,29.382236517004259,0
112.37117140165013,29.382278037363164,0
112.37120441312199,29.384695558494595,0</coordinates>
        </LineString>
      </Placemark>
      <Placemark id="a8fb3522-3032-4906-858a-83c61e632224">
        <name />
        <styleUrl>#524e3ad7-dbaf-41fb-adbf-d095d40b8233</styleUrl>
        <LineString>
          <altitudeMode>clampToGround</altitudeMode>
          <coordinates>112.37112477153741,29.378862022694463,29.129000000000001
112.37358236273514,29.378836750098237,29.129000000000001
112.37355356204688,29.376692227550635,29.129000000000001
112.37109550295169,29.376717990987792,29.129000000000001
112.37112477153741,29.378862022694463,29.129000000000001</coordinates>
        </LineString>
      </Placemark>
      <Placemark id="14538e61-2b84-4dc3-bec9-33ab3dd7eb8e">
        <name />
        <styleUrl>#524e3ad7-dbaf-41fb-adbf-d095d40b8233</styleUrl>
        <LineString>
          <altitudeMode>clampToGround</altitudeMode>
          <coordinates>112.37830503700681,29.375802572144817,0
112.37894933915084,29.375795364653502,0
112.37894905807842,29.375343855218556,0
112.3782984838689,29.375351101243254,0
112.37830503700681,29.375802572144817,0</coordinates>
        </LineString>
      </Placemark>
      <Placemark id="34f8a28f-e103-4c5f-8572-1169cec5fc18">
        <name />
        <styleUrl>#524e3ad7-dbaf-41fb-adbf-d095d40b8233</styleUrl>
        <LineString>
          <altitudeMode>clampToGround</altitudeMode>
          <coordinates>112.37093659821464,29.372640103920236,0
112.37155442005431,29.372633631940619,0
112.37154456621781,29.371912091596421,0
112.37092674873232,29.371918563388935,0
112.37093659821464,29.372640103920236,0</coordinates>
        </LineString>
      </Placemark>
      <Placemark id="66831107-e271-4364-9575-655c2941af1f">
        <name />
        <styleUrl>#524e3ad7-dbaf-41fb-adbf-d095d40b8233</styleUrl>
        <LineString>
          <altitudeMode>clampToGround</altitudeMode>
          <coordinates>112.37308188270327,29.368339694578371,0
112.37425998474437,29.368343579564872,0
112.37415932895487,29.367186665986097,0
112.37308119253579,29.367187249098862,0
112.37308188270327,29.368339694578371,0</coordinates>
        </LineString>
      </Placemark>
      <Placemark id="e5e612e9-eb1e-42b1-a7a0-8edf0ec64a78">
        <name />
        <styleUrl>#524e3ad7-dbaf-41fb-adbf-d095d40b8233</styleUrl>
        <LineString>
          <altitudeMode>clampToGround</altitudeMode>
          <coordinates>112.37091343409455,29.367185157353667,0
112.37308119253582,29.367187249140777,0
112.37415932895487,29.367186665986097,0
112.37413381907866,29.366896590251773,0
112.37377599860983,29.366894390962365,0
112.37376325003285,29.366510163180482,0
112.37089831215378,29.366515635505305,0
112.37091343409455,29.367185157353667,0</coordinates>
        </LineString>
      </Placemark>
      <Placemark id="cc520a92-4f6e-41e8-a2bc-3146c9cdb230">
        <name />
        <styleUrl>#524e3ad7-dbaf-41fb-adbf-d095d40b8233</styleUrl>
        <LineString>
          <altitudeMode>clampToGround</altitudeMode>
          <coordinates>112.37095698951705,29.369113222536502,0
112.37093935238929,29.368332535098112,0
112.37425998491571,29.368343581534049,0
112.37436729455405,29.369573204285508,0
112.37095698951705,29.369113222536502,0</coordinates>
        </LineString>
      </Placemark>
      <Placemark id="4f00db8b-4c5e-47bd-9c94-74cc669e73ec">
        <name />
        <styleUrl>#524e3ad7-dbaf-41fb-adbf-d095d40b8233</styleUrl>
        <LineString>
          <altitudeMode>clampToGround</altitudeMode>
          <coordinates>112.37093935234373,29.368332533081698,0
112.37308188268926,29.368339671203671,0
112.37308107610134,29.367187249203283,0
112.37091343436273,29.367185169225401,0
112.37093935234373,29.368332533081698,0</coordinates>
        </LineString>
      </Placemark>
      <Placemark id="3db05f2f-f4eb-4c7c-9886-14fc11459aba">
        <name />
        <styleUrl>#524e3ad7-dbaf-41fb-adbf-d095d40b8233</styleUrl>
        <LineString>
          <altitudeMode>clampToGround</altitudeMode>
          <coordinates>112.37090896198164,29.370595791559197,0
112.37088861508718,29.369104602909061,0
112.37436729633122,29.369573204525189,0
112.37445335069643,29.370561882266653,0
112.37090896198164,29.370595791559197,0</coordinates>
        </LineString>
      </Placemark>
      <Placemark id="d97b0108-6a8b-445d-876e-c28749632699">
        <name />
        <styleUrl>#524e3ad7-dbaf-41fb-adbf-d095d40b8233</styleUrl>
        <LineString>
          <altitudeMode>clampToGround</altitudeMode>
          <coordinates>112.36575784889784,29.366125158270911,0
112.3680100973575,29.36612580564076,0
112.36798337243785,29.364162728300453,0
112.36573093806466,29.364120640091887,0
112.36575784889784,29.366125158270911,0</coordinates>
        </LineString>
      </Placemark>
      <Placemark id="99be0cf5-340d-49a2-b7ca-aca4cc842e0f">
        <name />
        <styleUrl>#524e3ad7-dbaf-41fb-adbf-d095d40b8233</styleUrl>
        <LineString>
          <altitudeMode>clampToGround</altitudeMode>
          <coordinates>112.36575784889784,29.366125158270911,0
112.3680100973575,29.36612580564076,0
112.36798337243785,29.364162728300453,0
112.36573093806466,29.364120640091887,0
112.36575784889784,29.366125158270911,0</coordinates>
        </LineString>
      </Placemark>
      <Placemark id="1f4cc061-6086-4a33-b597-ffdb3c94a318">
        <name />
        <styleUrl>#524e3ad7-dbaf-41fb-adbf-d095d40b8233</styleUrl>
        <LineString>
          <altitudeMode>clampToGround</altitudeMode>
          <coordinates>112.36396734144427,29.362809915453774,0
112.36463577396228,29.362823877987086,0
112.36465593572234,29.362058971564647,0
112.3654376611848,29.362073328474786,0
112.36547348359441,29.360588605773703,0
112.36460883681464,29.360572809309584,0
112.36396734144427,29.362809915453774,0</coordinates>
        </LineString>
      </Placemark>
      <Placemark id="045a0c86-52c3-4a0b-bc41-97c5a22a2b56">
        <name />
        <styleUrl>#524e3ad7-dbaf-41fb-adbf-d095d40b8233</styleUrl>
        <LineString>
          <altitudeMode>clampToGround</altitudeMode>
          <coordinates>112.36578641284332,29.360373516496171,0
112.36613272906986,29.360379492851695,0
112.36769180724127,29.360408029807811,0
112.36770620673505,29.357641478945286,0
112.36585460648435,29.357523149704804,0
112.36578641284332,29.360373516496171,0</coordinates>
        </LineString>
      </Placemark>
      <Placemark id="860378d2-33ed-4f9e-9739-754ea70281bd">
        <name />
        <styleUrl>#524e3ad7-dbaf-41fb-adbf-d095d40b8233</styleUrl>
        <LineString>
          <altitudeMode>clampToGround</altitudeMode>
          <coordinates>112.36768930158063,29.360412109765484,0
112.370100831475,29.360456466077856,0
112.37006490861924,29.357778065802275,0
112.36849769875002,29.357663594377001,0
112.36770381986342,29.357622086987018,0
112.36768930158063,29.360412109765484,0</coordinates>
        </LineString>
      </Placemark>
      <Placemark id="47f2b9dc-7054-4765-a70a-aade42928bcf">
        <name />
        <styleUrl>#524e3ad7-dbaf-41fb-adbf-d095d40b8233</styleUrl>
        <LineString>
          <altitudeMode>clampToGround</altitudeMode>
          <coordinates>112.374201578449,29.36213962111313,0
112.37420343872058,29.36245030468865,0
112.37421410863531,29.362646302996193,0
112.37423573127538,29.362949578479881,0
112.37442622887029,29.363099130995245,0
112.37541658301434,29.363117448351062,0
112.37548164697206,29.361104414063568,0
112.37545787727613,29.36105003307809,0
112.3753961454353,29.36102337501368,0
112.37428068003079,29.36094736435269,0
112.3742592784437,29.361121868180625,0
112.37424479645121,29.361271623728417,0
112.37423300450963,29.36140566623256,0
112.37421848775385,29.361633270210138,0
112.37420453788299,29.36192163238217,0
112.374201578449,29.36213962111313,0</coordinates>
        </LineString>
      </Placemark>
      <Placemark id="83f6b6f8-afaa-4e16-8ff8-b08e2a822587">
        <name />
        <styleUrl>#524e3ad7-dbaf-41fb-adbf-d095d40b8233</styleUrl>
        <LineString>
          <altitudeMode>clampToGround</altitudeMode>
          <coordinates>112.37431576418179,29.360708915031257,0
112.37431240664301,29.360730251950109,0
112.37431710073925,29.360732418638655,0
112.37557656115912,29.360819622863676,0
112.376788932751,29.360902910704773,0
112.37685892772197,29.360881748149776,0
112.3768888950021,29.360822432084753,0
112.37689955940739,29.35890734987856,0
112.37674448815532,29.358906381952959,0
112.3767455905233,29.35881165812177,0
112.37579064527472,29.358794146934979,0
112.37483227157297,29.358776566001008,0
112.37478559945576,29.358901109610091,0
112.37475354152213,29.35898991129827,0
112.3747104261014,29.35911383917923,0
112.37465419567518,29.359283489797019,0
112.3745878497997,29.359513065653342,0
112.37453960270209,29.359669839298945,0
112.37445198914911,29.360016295437376,0
112.37439310638331,29.36027876948264,0
112.37433699070243,29.360583132378189,0
112.37431576418179,29.360708915031257,0</coordinates>
        </LineString>
      </Placemark>
    </Folder>
    <Folder id="7a18c367-c8a5-4840-94e1-24f895f6588a">
      <name>HX-用地红线</name>
    </Folder>
    <Folder id="c0948ed4-1eea-484c-aef3-dbe5a6d8608b">
      <name>-bjhx</name>
    </Folder>
    <Folder id="a6e5ca94-5fee-497f-a2a2-47489f401951">
      <name>用地红线</name>
      <Placemark id="ccdfc223-5ea6-4580-b204-12202897fe6e">
        <name />
        <styleUrl>#524e3ad7-dbaf-41fb-adbf-d095d40b8233</styleUrl>
        <LineString>
          <altitudeMode>clampToGround</altitudeMode>
          <coordinates>112.37129316514975,29.353870911164204,0
112.37118062619408,29.353857845415522,0
112.37107934678713,29.353824451871692,0
112.37098078898299,29.353770963227191,0
112.37090127233297,29.353700811492121,0
112.37084084150784,29.353616674223307,0
112.37080290727847,29.35352294016478,0
112.37078935840859,29.353425308582342,0
112.37077577627961,29.352266572038232,0
112.37272960170627,29.352247420329821,0
112.37271893264072,29.353897289847769,0
112.37229928918349,29.353889658004388,0
112.37129316514975,29.353870911164204,0</coordinates>
        </LineString>
      </Placemark>
      <Placemark id="71e63ad0-aa49-4fd6-a30c-8f5c923c4ce3">
        <name />
        <styleUrl>#524e3ad7-dbaf-41fb-adbf-d095d40b8233</styleUrl>
        <LineString>
          <altitudeMode>clampToGround</altitudeMode>
          <coordinates>112.37077577650601,29.352266572036019,0
112.37077021369426,29.351791945181873,0
112.37077021358856,29.351791936162439,0
112.37077021353569,29.351791931652716,0
112.37077021352512,29.351791930750771,0
112.37077021350399,29.351791928946881,0
112.37077021349342,29.351791928044928,0
112.37273132591665,29.351772705143073,0
112.37273132607034,29.351772705141567,0
112.37273132614719,29.351772705140817,0
112.37273132616255,29.351772705140661,0
112.37273132619329,29.351772705140363,0
112.37273132620867,29.35177270514021,0
112.37273132620538,29.351772706042286,0
112.37273132619883,29.351772707846443,0
112.37273132619556,29.351772708748523,0
112.37273132617918,29.351772713258917,0
112.37273132614641,29.351772722279708,0
112.37272960170627,29.352247420329821,0
112.37077577650601,29.352266572036019,0</coordinates>
        </LineString>
      </Placemark>
    </Folder>
    <Folder id="70721d71-b9d5-4dbd-aad2-d41b603fc0fa">
      <name>JZD</name>
      <Placemark id="791a58f5-0e68-4ede-aa3a-c70add2795c4">
        <name />
        <styleUrl>#524e3ad7-dbaf-41fb-adbf-d095d40b8233</styleUrl>
        <LineString>
          <altitudeMode>clampToGround</altitudeMode>
          <coordinates>112.36973879899601,29.383965094316235,0
112.3703155209666,29.383961202911113,0
112.37031068950346,29.383420026163947,0
112.3697339706063,29.383423917448919,0
112.36973879899601,29.383965094316235,0</coordinates>
        </LineString>
      </Placemark>
      <Placemark id="927d352f-b097-4c2f-8906-d53072f82413">
        <name />
        <styleUrl>#524e3ad7-dbaf-41fb-adbf-d095d40b8233</styleUrl>
        <LineString>
          <altitudeMode>clampToGround</altitudeMode>
          <coordinates>112.3668116950916,29.383546458623542,0
112.36973519919107,29.383516266777637,0
112.36973437297048,29.383423690877827,0
112.3703110908306,29.383419798314339,0
112.37030805118158,29.383419762442678,0
112.37029250757773,29.382255218373153,0
112.37028992062771,29.382225860921221,0
112.37028298815497,29.382197048966692,0
112.37027182836442,29.38216927376445,0
112.37025663153791,29.382143008892001,0
112.37023765678971,29.382118702174843,0
112.3702152276483,29.382096768050928,0
112.37018972654002,29.382077580504465,0
112.37016158826856,29.382061466689397,0
112.37013129260137,29.382048701351486,0
112.37009935608957,29.38203950214378,0
112.37006632326069,29.382034025915683,0
112.37003275733449,29.382032366038665,0
112.37003275733449,29.382032366038665,0
112.36796945830432,29.382048492267085,0
112.36790831962773,29.382048545202611,0
112.36679166187552,29.382057615177938,0
112.3668116950916,29.383546458623542,0</coordinates>
        </LineString>
      </Placemark>
      <Placemark id="b424b452-6ab1-4649-89f5-502d757c8dd9">
        <name />
        <styleUrl>#524e3ad7-dbaf-41fb-adbf-d095d40b8233</styleUrl>
        <LineString>
          <altitudeMode>clampToGround</altitudeMode>
          <coordinates>112.37740288670274,29.38201728663817,0
112.37740257675127,29.382015167377492,0
112.37730543539979,29.382067710382458,0
112.3771209328184,29.382183191546329,0
112.37696624350282,29.382286609975662,0
112.37682163018543,29.382411353246138,0
112.37695413909971,29.382491837257923,0
112.37675462623284,29.382759863814883,0
112.37659229917055,29.38302176961799,0
112.37650118910229,29.38321520886052,0
112.37646346127963,29.383344284278923,0
112.37759314418741,29.383332851026985,0
112.3775938241066,29.383337436726531,0
112.3789135604882,29.383331972335611,0
112.37890215969573,29.382606279469567,0
112.37888433375261,29.38260588240016,0
112.37889657314112,29.382159218443075,0
112.37873281632858,29.382140143890698,0
112.37872507031214,29.381717530409247,0
112.3784698819357,29.381720989369452,0
112.378266175235,29.381736291090927,0
112.37811661769459,29.38174785676723,0
112.37775367888806,29.381859003271046,0
112.37740288670274,29.38201728663817,0</coordinates>
        </LineString>
      </Placemark>
    </Folder>
    <Folder id="36af33d3-232e-424d-99f1-fb558f23cb9e">
      <name>地形２</name>
    </Folder>
    <Folder id="72cf6ff4-766e-44d7-aff1-992ead40bea5">
      <name>图层1</name>
    </Folder>
    <Folder id="47f7e744-caf9-4089-8efd-2621df5f3db3">
      <name>已有项目红线图</name>
      <Placemark id="1e7f5ac5-2a9d-415c-bf95-ee7d8f686284">
        <name>公安局三所一队一期（在建）      </name>
        <styleUrl>default</styleUrl>
        <Point>
          <altitudeMode>clampToGround</altitudeMode>
          <coordinates>112.37734303602531,29.393681568759941,0</coordinates>
        </Point>
      </Placemark>
      <Placemark id="20b1ddeb-45a9-4d79-884f-8cb8e2e9193c">
        <name>公安局三所一队（在建）      </name>
        <styleUrl>default</styleUrl>
        <Point>
          <altitudeMode>clampToGround</altitudeMode>
          <coordinates>112.37763386389869,29.395119646531843,0</coordinates>
        </Point>
      </Placemark>
      <Placemark id="62ab14bf-e6ff-4252-988b-4e646cb1b2cc">
        <name>赤松亭屠宰厂项目（已建）</name>
        <styleUrl>default</styleUrl>
        <Point>
          <altitudeMode>clampToGround</altitudeMode>
          <coordinates>112.37444172980366,29.392378325626307,0</coordinates>
        </Point>
      </Placemark>
      <Placemark id="d77ec023-0b7b-45d0-bd0d-446da235442d">
        <name>加油站项目（已建）</name>
        <styleUrl>default</styleUrl>
        <Point>
          <altitudeMode>clampToGround</altitudeMode>
          <coordinates>112.36979278994464,29.383903534415392,0</coordinates>
        </Point>
      </Placemark>
      <Placemark id="e03e7651-f23c-455e-857c-8eaf74b795c4">
        <name>高速交警大队(已建)</name>
        <styleUrl>default</styleUrl>
        <Point>
          <altitudeMode>clampToGround</altitudeMode>
          <coordinates>112.36976591040431,29.384501385893884,29.257999999999999</coordinates>
        </Point>
      </Placemark>
      <Placemark id="33de9523-c81b-4a64-911c-0aad82c3df4a">
        <name>高速公路管理处(已建)</name>
        <styleUrl>default</styleUrl>
        <Point>
          <altitudeMode>clampToGround</altitudeMode>
          <coordinates>112.37058179229309,29.386644842444081,0</coordinates>
        </Point>
      </Placemark>
      <Placemark id="b111c10e-bf25-4111-8a1c-d0f4235e629e">
        <name>红星美凯龙项目（已建）</name>
        <styleUrl>default</styleUrl>
        <Point>
          <altitudeMode>clampToGround</altitudeMode>
          <coordinates>112.36773175210264,29.383064594056066,0</coordinates>
        </Point>
      </Placemark>
      <Placemark id="2fec4972-d6e3-4e07-a9b1-9b75b64cf36e">
        <name />
        <styleUrl>#524e3ad7-dbaf-41fb-adbf-d095d40b8233</styleUrl>
        <LineString>
          <altitudeMode>clampToGround</altitudeMode>
          <coordinates>112.37456604954527,29.38191824869951,0
112.37554417370532,29.38189082234231,0
112.37579074897209,29.384676432897958,0
112.37460350949011,29.384708198558059,0
112.37456604954527,29.38191824869951,0</coordinates>
        </LineString>
      </Placemark>
      <Placemark id="ac7e2f81-7aa6-43fa-9e67-9ea7d1630dd3">
        <name>洞庭农博城项目（已建）</name>
        <styleUrl>default</styleUrl>
        <Point>
          <altitudeMode>clampToGround</altitudeMode>
          <coordinates>112.37162141876865,29.383350074915594,0</coordinates>
        </Point>
      </Placemark>
      <Placemark id="5112b501-27c0-4124-8410-97bb64b02538">
        <name>中科春天项目（已建） </name>
        <styleUrl>default</styleUrl>
        <Point>
          <altitudeMode>clampToGround</altitudeMode>
          <coordinates>112.37482883400068,29.38361518451196,0</coordinates>
        </Point>
      </Placemark>
      <Placemark id="1f4362b5-2d38-46bb-8e22-2ab3a220e5ad">
        <name />
        <styleUrl>#524e3ad7-dbaf-41fb-adbf-d095d40b8233</styleUrl>
        <LineString>
          <altitudeMode>clampToGround</altitudeMode>
          <coordinates>112.36775139338047,29.381480644291091,0
112.36790074676492,29.3814825111311,0
112.36797568522553,29.381486831265189,0
112.36996013692935,29.381471455143501,0
112.37015464368378,29.381417972751006,0
112.37021926237878,29.381364396053019,0
112.37025251150884,29.381298337172499,0
112.3702775003139,29.381233416996011,0
112.37026394267954,29.380066232120964,0
112.36772021602097,29.380091129355975,0
112.36775139338047,29.381480644291091,0</coordinates>
        </LineString>
      </Placemark>
      <Placemark id="ca7cf4e6-09e9-42a9-b395-420fd4db0a13">
        <name />
        <styleUrl>#524e3ad7-dbaf-41fb-adbf-d095d40b8233</styleUrl>
        <LineString>
          <altitudeMode>clampToGround</altitudeMode>
          <coordinates>112.37780428598873,29.384721942545301,0
112.37776946190904,29.384500907483464,0
112.37759627962227,29.38333299907644,0
112.3789578696927,29.383327404093286,0
112.37898990516439,29.384715729447137,0
112.37780428598873,29.384721942545301,0</coordinates>
        </LineString>
      </Placemark>
      <Placemark id="b2e359e2-e870-40a9-910d-66f1c5bd31c4">
        <name />
        <styleUrl>#524e3ad7-dbaf-41fb-adbf-d095d40b8233</styleUrl>
        <LineString>
          <altitudeMode>clampToGround</altitudeMode>
          <coordinates>112.37718995215079,29.384729546633814,0
112.37704339687065,29.383458449786296,0
112.37760791760725,29.383421924916554,0
112.37780428598873,29.384721942545301,0
112.37718995215079,29.384729546633814,0</coordinates>
        </LineString>
      </Placemark>
      <Placemark id="0b8e069b-d9ad-416d-9808-7b193ef67027">
        <name>融合混凝土项目（已建）</name>
        <styleUrl>default</styleUrl>
        <Point>
          <altitudeMode>clampToGround</altitudeMode>
          <coordinates>112.37753841609388,29.382909952142089,0</coordinates>
        </Point>
      </Placemark>
      <Placemark id="cf972bff-52df-414e-b1dc-192899d30f56">
        <name>兰湘再生资源项目（已建）</name>
        <styleUrl>default</styleUrl>
        <Point>
          <altitudeMode>clampToGround</altitudeMode>
          <coordinates>112.37795568205304,29.384153239525059,0</coordinates>
        </Point>
      </Placemark>
      <Placemark id="976b9da7-808b-4128-9a15-2f3a69ebbbf3">
        <name>PPP项目部（已建）</name>
        <styleUrl>default</styleUrl>
        <Point>
          <altitudeMode>clampToGround</altitudeMode>
          <coordinates>112.37719430207926,29.384256756455198,0</coordinates>
        </Point>
      </Placemark>
      <Placemark id="a615fd71-2072-43f5-a5d6-42bd19a396d6">
        <name>国家粮食储备库项目（已建）</name>
        <styleUrl>default</styleUrl>
        <Point>
          <altitudeMode>clampToGround</altitudeMode>
          <coordinates>112.36597926880516,29.380856084104142,0</coordinates>
        </Point>
      </Placemark>
      <Placemark id="aa6b76b5-b8c4-457e-b129-3af3a47e251e">
        <name>克明食品产业园项目（已建）</name>
        <styleUrl>default</styleUrl>
        <Point>
          <altitudeMode>clampToGround</altitudeMode>
          <coordinates>112.36832373994132,29.380812326878303,0</coordinates>
        </Point>
      </Placemark>
      <Placemark id="629e3ee4-9330-472a-a6a9-cada12c47675">
        <name />
        <styleUrl>#524e3ad7-dbaf-41fb-adbf-d095d40b8233</styleUrl>
        <LineString>
          <altitudeMode>clampToGround</altitudeMode>
          <coordinates>112.37103909189665,29.379917632984551,0
112.37191969294361,29.379867924171915,0
112.37194209066944,29.381434699328551,0
112.37168441124228,29.381442872324595,0
112.37142943926055,29.381450953829297,0
112.37130114490745,29.381455663055032,0
112.3712519086592,29.381441272878689,0
112.3712142705258,29.381417449236309,0
112.37118842627302,29.381393964574571,0
112.37114550937129,29.38134944743112,0
112.37110258938768,29.381299846688204,0
112.37107938337385,29.381265410376276,0
112.37106312084484,29.381229812822394,0
112.37105012755596,29.381085877874231,0
112.37103169383808,29.380792955328232,0
112.37104074079596,29.380047715353502,0
112.37103909189665,29.379917632984551,0</coordinates>
        </LineString>
      </Placemark>
      <Placemark id="98809057-9914-43ae-910a-abaf82921218">
        <name />
        <styleUrl>#524e3ad7-dbaf-41fb-adbf-d095d40b8233</styleUrl>
        <LineString>
          <altitudeMode>clampToGround</altitudeMode>
          <coordinates>112.37193938316298,29.381434790333426,0
112.37282051811991,29.381409122460223,0
112.37281770820675,29.381387990882107,0
112.3727955920146,29.379817370176166,0
112.37191969294361,29.379867924171915,0
112.37193938316298,29.381434790333426,0</coordinates>
        </LineString>
      </Placemark>
      <Placemark id="766bf882-ac0a-457d-91c7-2c5218c12454">
        <name />
        <styleUrl>#524e3ad7-dbaf-41fb-adbf-d095d40b8233</styleUrl>
        <LineString>
          <altitudeMode>clampToGround</altitudeMode>
          <coordinates>112.37360448942989,29.381386587729054,29.582999999999998
112.37346710803396,29.381390528824173,29.582999999999998
112.37282051811991,29.381409122460223,29.582999999999998
112.3727931527245,29.379819680436547,29.582999999999998
112.37360809934286,29.379770825797316,29.582999999999998
112.37366226760933,29.381384206375966,29.582999999999998
112.37366219157811,29.381387584075284,29.582999999999998
112.37282047756862,29.381408040658933,29.582999999999998</coordinates>
        </LineString>
      </Placemark>
      <Placemark id="b8e64bc5-f8fd-4d49-974c-9f49e5a94072">
        <name />
        <styleUrl>#524e3ad7-dbaf-41fb-adbf-d095d40b8233</styleUrl>
        <LineString>
          <altitudeMode>clampToGround</altitudeMode>
          <coordinates>112.37414962622231,29.381422549511012,0
112.37425985254301,29.381422119649201,0
112.3744235775504,29.381426067665352,0
112.3746373731951,29.381423863783692,0
112.37484269080035,29.381399201922115,0
112.37525548035322,29.381370031594372,0
112.37549819810033,29.381365534753641,0
112.3753318740044,29.379668878710735,0
112.37360927646229,29.37975672929662,0
112.37367100167872,29.381430951381763,0
112.37414962622231,29.381422549511012,0</coordinates>
        </LineString>
      </Placemark>
      <Placemark id="9b825acb-0e98-4bbc-8596-26c3d97f243a">
        <name>赤松亭农牧项目（已建）</name>
        <styleUrl>default</styleUrl>
        <Point>
          <altitudeMode>clampToGround</altitudeMode>
          <coordinates>112.37114538156203,29.380919547646148,0</coordinates>
        </Point>
      </Placemark>
      <Placemark id="d7823c92-7ee8-4cdc-9502-075aad02e42f">
        <name>春洁消毒项目（已建）</name>
        <styleUrl>default</styleUrl>
        <Point>
          <altitudeMode>clampToGround</altitudeMode>
          <coordinates>112.37206836414519,29.380891449012115,28.765000000000001</coordinates>
        </Point>
      </Placemark>
      <Placemark id="3e04b96f-2375-4d88-b7e8-d4faf95a9e23">
        <name>湘味斋食品项目（已建）</name>
        <styleUrl>default</styleUrl>
        <Point>
          <altitudeMode>clampToGround</altitudeMode>
          <coordinates>112.37293257248136,29.380968071418575,0</coordinates>
        </Point>
      </Placemark>
      <Placemark id="761f9699-5196-4880-951a-3f7db52d732d">
        <name>乐尔乐物流园项目（已建）      </name>
        <styleUrl>default</styleUrl>
        <Point>
          <altitudeMode>clampToGround</altitudeMode>
          <coordinates>112.37405056023972,29.380833762817225,0</coordinates>
        </Point>
      </Placemark>
      <Placemark id="25c188ce-76b5-4ddd-8e6f-da818ee33ebb">
        <name>南洲物流园项目（已建）</name>
        <styleUrl>default</styleUrl>
        <Point>
          <altitudeMode>clampToGround</altitudeMode>
          <coordinates>112.37652701037766,29.380464235210216,0</coordinates>
        </Point>
      </Placemark>
      <Placemark id="1e50b23c-573d-4f42-9307-4c1986499a94">
        <name>南县经开区食品产业园标准化厂房项目（包括顺祥小龙虾加工厂，已建）</name>
        <styleUrl>default</styleUrl>
        <Point>
          <altitudeMode>clampToGround</altitudeMode>
          <coordinates>112.37130066946474,29.378050433130323,0</coordinates>
        </Point>
      </Placemark>
      <Placemark id="6bf4e2ac-b114-413e-937c-82b051ce05a2">
        <name>南县经济开发区标准厂房和道路工程PPP项目一期一标（已建）          </name>
        <styleUrl>default</styleUrl>
        <Point>
          <altitudeMode>clampToGround</altitudeMode>
          <coordinates>112.37153509057909,29.37573346036389,0</coordinates>
        </Point>
      </Placemark>
      <Placemark id="0981c21a-75b2-434d-9f56-7463d063e93a">
        <name>南县经济开发区标准厂房和道路工程PPP项目一期二标（已建）          </name>
        <styleUrl>default</styleUrl>
        <Point>
          <altitudeMode>clampToGround</altitudeMode>
          <coordinates>112.37376686783645,29.378212513675809,0</coordinates>
        </Point>
      </Placemark>
      <Placemark id="48e40fad-e232-4d10-9688-28b02d456e92">
        <name>顺祥科创园项目（已建）</name>
        <styleUrl>default</styleUrl>
        <Point>
          <altitudeMode>clampToGround</altitudeMode>
          <coordinates>112.36672315425326,29.377870736456959,0</coordinates>
        </Point>
      </Placemark>
      <Placemark id="db884c06-e324-4d1e-b0dd-2bb94aff4339">
        <name />
        <styleUrl>#524e3ad7-dbaf-41fb-adbf-d095d40b8233</styleUrl>
        <LineString>
          <altitudeMode>clampToGround</altitudeMode>
          <coordinates>112.3756670789549,29.378543173456009,0
112.37905684534503,29.37854959880185,0
112.37905337193025,29.377380734825785,0
112.3784775675727,29.377371414098736,0
112.37847759486223,29.37725786623098,0
112.37553903240003,29.377255013352727,0
112.3756670789549,29.378543173456009,0</coordinates>
        </LineString>
      </Placemark>
      <Placemark id="15e16e0f-ed37-4a70-8a98-55223ac09364">
        <name>方平混凝土项目（已建）</name>
        <styleUrl>default</styleUrl>
        <Point>
          <altitudeMode>clampToGround</altitudeMode>
          <coordinates>112.37646541038005,29.378098525957192,0</coordinates>
        </Point>
      </Placemark>
      <Placemark id="a631e0dd-0dec-42dd-b151-ca84f2957d62">
        <name>平新洞庭建材项目（已建）</name>
        <styleUrl>default</styleUrl>
        <Point>
          <altitudeMode>clampToGround</altitudeMode>
          <coordinates>112.37559055070079,29.375209852765021,0</coordinates>
        </Point>
      </Placemark>
      <Placemark id="b9936ef6-dff6-4d67-8624-60f85fe3d00d">
        <name>港运码头（已建）</name>
        <styleUrl>default</styleUrl>
        <Point>
          <altitudeMode>clampToGround</altitudeMode>
          <coordinates>112.37839318530742,29.375711276574702,0</coordinates>
        </Point>
      </Placemark>
      <Placemark id="e4d00c7b-0d6a-480a-9d87-0f167aa4e2c8">
        <name>兴盛优选项目（待建）</name>
        <styleUrl>default</styleUrl>
        <Point>
          <altitudeMode>clampToGround</altitudeMode>
          <coordinates>112.3720127433962,29.372865033448683,0</coordinates>
        </Point>
      </Placemark>
      <Placemark id="da01c7d3-66bd-40c5-8290-36a1145ab978">
        <name>加油站项目（已建）</name>
        <styleUrl>default</styleUrl>
        <Point>
          <altitudeMode>clampToGround</altitudeMode>
          <coordinates>112.37101405885326,29.372483110586121,0</coordinates>
        </Point>
      </Placemark>
      <Placemark id="273d4041-a24f-451d-b6e3-4824863e8996">
        <name />
        <styleUrl>#524e3ad7-dbaf-41fb-adbf-d095d40b8233</styleUrl>
        <LineString>
          <altitudeMode>clampToGround</altitudeMode>
          <coordinates>112.37520852657687,29.373684919719455,0
112.37726956530099,29.373690248644991,0
112.37727245841052,29.372823129334844,0
112.37512788095145,29.37281761964995,0
112.37520852657687,29.373684919719455,0</coordinates>
        </LineString>
      </Placemark>
      <Placemark id="d7d8a8f3-8997-4ca5-bfdb-dcc2601b8855">
        <name />
        <styleUrl>#524e3ad7-dbaf-41fb-adbf-d095d40b8233</styleUrl>
        <LineString>
          <altitudeMode>clampToGround</altitudeMode>
          <coordinates>112.37512811086246,29.372817620242476,0
112.37727245841052,29.372823129334844,0
112.37727530946074,29.371973018590936,0
112.37504923966489,29.371967288704127,0
112.37512811086246,29.372817620242476,0</coordinates>
        </LineString>
      </Placemark>
      <Placemark id="7671a7de-8d98-423c-94c7-4b5dc5ba063d">
        <name>星星物流项目（已建）</name>
        <styleUrl>default</styleUrl>
        <Point>
          <altitudeMode>clampToGround</altitudeMode>
          <coordinates>112.37555874501579,29.373311113727713,0</coordinates>
        </Point>
      </Placemark>
      <Placemark id="d2a3521e-66cb-4145-9cf8-3d448c748653">
        <name>宏发物流项目（已建）</name>
        <styleUrl>default</styleUrl>
        <Point>
          <altitudeMode>clampToGround</altitudeMode>
          <coordinates>112.37551975032332,29.372383141628777,0</coordinates>
        </Point>
      </Placemark>
      <Placemark id="16c22544-3c86-48f2-9a25-ff42da318fb2">
        <name>新颜安置区项目（已建）</name>
        <styleUrl>default</styleUrl>
        <Point>
          <altitudeMode>clampToGround</altitudeMode>
          <coordinates>112.37193845443655,29.370166538535809,-6004.3756200649195</coordinates>
        </Point>
      </Placemark>
      <Placemark id="cc4de2f9-fa33-404c-8fda-68d41b6af424">
        <name>光顺管材项目（已建）</name>
        <styleUrl>default</styleUrl>
        <Point>
          <altitudeMode>clampToGround</altitudeMode>
          <coordinates>112.37197554174875,29.368898404635058,-6004.3756200649195</coordinates>
        </Point>
      </Placemark>
      <Placemark id="4b50fe85-37ab-4735-82b9-0a3c7f3c06fa">
        <name>宏达农机项目（已建）</name>
        <styleUrl>default</styleUrl>
        <Point>
          <altitudeMode>clampToGround</altitudeMode>
          <coordinates>112.37311858039597,29.367841210173403,-6004.3756200649195</coordinates>
        </Point>
      </Placemark>
      <Placemark id="ac84996c-eee1-4785-8e75-bcac44c48e98">
        <name>沃田农机项目（已建）</name>
        <styleUrl>default</styleUrl>
        <Point>
          <altitudeMode>clampToGround</altitudeMode>
          <coordinates>112.37120753996376,29.366925058637023,-6004.3756200649195</coordinates>
        </Point>
      </Placemark>
      <Placemark id="b6d3ddd5-ddf4-40a1-91f7-0c30267b065f">
        <name>伟业机械项目（已建）</name>
        <styleUrl>default</styleUrl>
        <Point>
          <altitudeMode>clampToGround</altitudeMode>
          <coordinates>112.37276461383311,29.367056580374033,-6004.3756200649195</coordinates>
        </Point>
      </Placemark>
      <Placemark id="f97bb691-42aa-4c34-a920-7034ac3e1c72">
        <name>湖南橡塑密封件厂项目（已建）  </name>
        <styleUrl>default</styleUrl>
        <Point>
          <altitudeMode>clampToGround</altitudeMode>
          <coordinates>112.37111418289204,29.367786613031054,-6004.3756200649195</coordinates>
        </Point>
      </Placemark>
      <Placemark id="a4a3fade-50bf-4320-ac9a-6539d9b40a29">
        <name />
        <styleUrl>#524e3ad7-dbaf-41fb-adbf-d095d40b8233</styleUrl>
        <LineString>
          <altitudeMode>clampToGround</altitudeMode>
          <coordinates>112.37485502708597,29.368985967586518,3264
112.37603042311132,29.368996364743548,3264
112.37603637183223,29.368248293802427,3264
112.37481990493993,29.368243004330768,3264
112.37473205643788,29.368325561818843,3264
112.37478857816284,29.368924710178312,3264
112.37485502708597,29.368985967586518,3264</coordinates>
        </LineString>
      </Placemark>
      <Placemark id="ddffa787-be11-4ef2-9d36-1124c568eff8">
        <name />
        <styleUrl>#524e3ad7-dbaf-41fb-adbf-d095d40b8233</styleUrl>
        <LineString>
          <altitudeMode>clampToGround</altitudeMode>
          <coordinates>112.37471328250149,29.368096647141179,0
112.37614671446308,29.36809528637248,0
112.37615178364469,29.367582163103421,0
112.37632319467538,29.367582224552038,0
112.37633758425076,29.366550790435703,0
112.37457181014472,29.366528204671383,0
112.37464277948756,29.367281659875996,0
112.37467576952737,29.367645068139453,0
112.37471328250149,29.368096647141179,0</coordinates>
        </LineString>
      </Placemark>
      <Placemark id="a2c48610-66e8-4ff8-89c5-54d5ef27d9aa">
        <name>兴盛医院项目（已建）</name>
        <styleUrl>default</styleUrl>
        <Point>
          <altitudeMode>clampToGround</altitudeMode>
          <coordinates>112.374850754124,29.368689388715598,0</coordinates>
        </Point>
      </Placemark>
      <Placemark id="8a4da7de-da14-4c5a-b233-d34f20e7102f">
        <name>新颜安置房项目（已建）</name>
        <styleUrl>default</styleUrl>
        <Point>
          <altitudeMode>clampToGround</altitudeMode>
          <coordinates>112.37490246050891,29.367533512330525,0</coordinates>
        </Point>
      </Placemark>
      <Placemark id="dfcec132-582e-4cae-b0ff-2d79c868a856">
        <name />
        <styleUrl>#524e3ad7-dbaf-41fb-adbf-d095d40b8233</styleUrl>
        <LineString>
          <altitudeMode>clampToGround</altitudeMode>
          <coordinates>112.37430401861931,29.363719304158231,0
112.37446573499535,29.365551974214053,0
112.37482390820327,29.365520108467138,0
112.37465364390336,29.3635746887329,0
112.37442081580286,29.363581547203207,0
112.37430401861931,29.363719304158231,0</coordinates>
        </LineString>
      </Placemark>
      <Placemark id="5d6c325d-1190-4459-a44a-474b3518e311">
        <name />
        <styleUrl>#524e3ad7-dbaf-41fb-adbf-d095d40b8233</styleUrl>
        <LineString>
          <altitudeMode>clampToGround</altitudeMode>
          <coordinates>112.37482343802424,29.365516318338905,0
112.37486197053296,29.365933000247942,0
112.37685625854552,29.365914685020169,0
112.37687388486093,29.363590917817657,0
112.37465390442001,29.36357766551432,0
112.37482602384982,29.365544281008958,0
112.37486197053296,29.365933000247942,0</coordinates>
        </LineString>
      </Placemark>
      <Placemark id="7f4747f1-63de-454d-afe4-a51fd5c0a67e">
        <name>新颜学校（已建）</name>
        <styleUrl>default</styleUrl>
        <Point>
          <altitudeMode>clampToGround</altitudeMode>
          <coordinates>112.37521847016802,29.365277007416793,0</coordinates>
        </Point>
      </Placemark>
      <Placemark id="5a0642c5-c8fb-419b-a180-545e482e4e20">
        <name>时代公馆项目（已建）</name>
        <styleUrl>default</styleUrl>
        <Point>
          <altitudeMode>clampToGround</altitudeMode>
          <coordinates>112.37447240520726,29.364917470384242,0</coordinates>
        </Point>
      </Placemark>
      <Placemark id="352de946-af8d-4d6f-94b8-97b62b564dd5">
        <name>民辉木业项目（已建）</name>
        <styleUrl>default</styleUrl>
        <Point>
          <altitudeMode>clampToGround</altitudeMode>
          <coordinates>112.37120008760844,29.365674990304569,-6004.3756200649195</coordinates>
        </Point>
      </Placemark>
      <Placemark id="59fbe7b1-e98a-4cfe-beee-9309f13f6ff9">
        <name>洞庭彩印项目+诚商彩印项目（已建）</name>
        <styleUrl>default</styleUrl>
        <Point>
          <altitudeMode>clampToGround</altitudeMode>
          <coordinates>112.37234395938887,29.365681426365242,-5976.5806200649195</coordinates>
        </Point>
      </Placemark>
      <Placemark id="7f7addc7-8289-47b1-a5f5-dba060c82ca8">
        <name>固虹机械项目（已建）</name>
        <styleUrl>default</styleUrl>
        <Point>
          <altitudeMode>clampToGround</altitudeMode>
          <coordinates>112.37091937517451,29.364347236406136,-6004.3756200649195</coordinates>
        </Point>
      </Placemark>
      <Placemark id="c7f40ddb-b9bf-4651-941c-902cad2a5b42">
        <name>雪莱居饰项目（已建）</name>
        <styleUrl>default</styleUrl>
        <Point>
          <altitudeMode>clampToGround</altitudeMode>
          <coordinates>112.37232690015104,29.364329167302532,-6004.3756200649195</coordinates>
        </Point>
      </Placemark>
      <Placemark id="e2670a3c-8e07-4b2d-acf1-8611b613dd3b">
        <name />
        <styleUrl>#524e3ad7-dbaf-41fb-adbf-d095d40b8233</styleUrl>
        <LineString>
          <altitudeMode>clampToGround</altitudeMode>
          <coordinates>112.36572999502815,29.367718356007916,0
112.36575859673653,29.366296098065312,0
112.36932132174745,29.366303797715432,0
112.36931476821098,29.367765975761515,0
112.36572999502815,29.367718356007916,0</coordinates>
        </LineString>
      </Placemark>
      <Placemark id="5c94d2d3-1dd4-4165-ba6b-c6095d2fcbd4">
        <name>生辉纺织一期项目（已建）</name>
        <styleUrl>default</styleUrl>
        <Point>
          <altitudeMode>clampToGround</altitudeMode>
          <coordinates>112.36682263371523,29.367426480512886,0.056000000000002714</coordinates>
        </Point>
      </Placemark>
      <Placemark id="70509393-f796-43c6-9430-18e7dca8fcdf">
        <name>生辉纺织二期项目（已建）</name>
        <styleUrl>default</styleUrl>
        <Point>
          <altitudeMode>clampToGround</altitudeMode>
          <coordinates>112.36681326749216,29.368689553680543,-29.271999999999998</coordinates>
        </Point>
      </Placemark>
      <Placemark id="c32d4432-7954-4c79-8463-958d01b4073e">
        <name>天驰汽车城二期项目（待建）</name>
        <styleUrl>default</styleUrl>
        <Point>
          <altitudeMode>clampToGround</altitudeMode>
          <coordinates>112.36937143993917,29.367183648735988,-2.4409999999999954</coordinates>
        </Point>
      </Placemark>
      <Placemark id="4b72b1dc-1094-4782-ba31-295e90101fba">
        <name>捷创二期项目（已建）</name>
        <styleUrl>default</styleUrl>
        <Point>
          <altitudeMode>clampToGround</altitudeMode>
          <coordinates>112.3641205053612,29.367688725780557,0</coordinates>
        </Point>
      </Placemark>
      <Placemark id="9c672f12-31e6-419b-b9d1-1d8d50fe3578">
        <name>华曙高科项目（已建）</name>
        <styleUrl>default</styleUrl>
        <Point>
          <altitudeMode>clampToGround</altitudeMode>
          <coordinates>112.36395617820551,29.365233885385688,0</coordinates>
        </Point>
      </Placemark>
      <Placemark id="0d1bbf49-8979-41a3-9f66-d6f19df0545e">
        <name>天驰汽车城二期项目（待建）</name>
        <styleUrl>default</styleUrl>
        <Point>
          <altitudeMode>clampToGround</altitudeMode>
          <coordinates>112.36935377753598,29.368672027047381,-2.4409999999999954</coordinates>
        </Point>
      </Placemark>
      <Placemark id="116db26e-2817-4f0b-be6c-d2e6d1a364eb">
        <name>天驰汽车城一期项目（已建）</name>
        <styleUrl>default</styleUrl>
        <Point>
          <altitudeMode>clampToGround</altitudeMode>
          <coordinates>112.36889848789615,29.365442419613238,0</coordinates>
        </Point>
      </Placemark>
      <Placemark id="51b8856b-47e1-419f-923a-3c0f252b1b5e">
        <name>车管中心（在建）</name>
        <styleUrl>default</styleUrl>
        <Point>
          <altitudeMode>clampToGround</altitudeMode>
          <coordinates>112.36812959438903,29.364953415123026,0</coordinates>
        </Point>
      </Placemark>
      <Placemark id="e6ded0dd-0c4b-49cf-9da6-eb789001ce9f">
        <name>南县经开区15年标准化厂房项目（已建）</name>
        <styleUrl>default</styleUrl>
        <Point>
          <altitudeMode>clampToGround</altitudeMode>
          <coordinates>112.36612909343317,29.365623506689957,0.11000000000000476</coordinates>
        </Point>
      </Placemark>
      <Placemark id="78866a09-5afd-4dc3-9b7b-b13688ef5a43">
        <name>张公塘公租房项目（已建）</name>
        <styleUrl>default</styleUrl>
        <Point>
          <altitudeMode>clampToGround</altitudeMode>
          <coordinates>112.36467423785874,29.361182257175074,30.645000000000007</coordinates>
        </Point>
      </Placemark>
      <Placemark id="d2e0d008-d2c9-4542-9aac-88d3ea640c69">
        <name>南县经开区管委会综合楼及食堂（已建）</name>
        <styleUrl>default</styleUrl>
        <Point>
          <altitudeMode>clampToGround</altitudeMode>
          <coordinates>112.36442523935646,29.361990490250804,1.7763568394002505E-15</coordinates>
        </Point>
      </Placemark>
      <Placemark id="e437328d-57df-4644-8b61-51cd7006cc8c">
        <name />
        <styleUrl>#524e3ad7-dbaf-41fb-adbf-d095d40b8233</styleUrl>
        <LineString>
          <altitudeMode>clampToGround</altitudeMode>
          <coordinates>112.37003840014452,29.360695562003837,0
112.36963183638179,29.360694459522477,0
112.36934628627516,29.360662726752444,0
112.36896733125594,29.360652865338519,0
112.36868059756281,29.360647186385219,0
112.36769055777978,29.360630111579727,0
112.36698498795323,29.360620857705239,0
112.36621601021869,29.360599314268953,0
112.36592395004141,29.360592249339241,0
112.36583732096803,29.36059180968342,0
112.36578046887982,29.360591190306749,0
112.365780738466,29.360605186667193,0
112.36575728270071,29.362196289014513,0
112.36575617046813,29.362765653168783,0
112.36578094903082,29.362822192666503,0
112.36580523612859,29.362821324317078,0
112.36981972660708,29.362904466895184,0
112.36995099471156,29.362880013863084,0
112.37002814630532,29.362808535051453,0
112.37008322173666,29.362721442430004,0
112.37013481274802,29.362633551116666,0
112.37013812520394,29.362549979771305,0
112.37011371699914,29.361570514195467,0
112.37008839443442,29.360742302260629,0
112.37005511449635,29.360706217207483,0
112.37003840014452,29.360695562003837,0</coordinates>
        </LineString>
      </Placemark>
      <Placemark id="ad3a1b00-a832-4216-b34b-bb41daec176e">
        <name>13-14年标准化厂房项目（已建）</name>
        <styleUrl>default</styleUrl>
        <Point>
          <altitudeMode>clampToGround</altitudeMode>
          <coordinates>112.36681135589826,29.362295976449179,9.0360000000000014</coordinates>
        </Point>
      </Placemark>
      <Placemark id="ddc39e13-dd1c-4a57-8d7a-7fae7d0c7677">
        <name />
        <styleUrl>#524e3ad7-dbaf-41fb-adbf-d095d40b8233</styleUrl>
        <LineString>
          <altitudeMode>clampToGround</altitudeMode>
          <coordinates>112.37345588191556,29.362895392976405,11.164934665541079
112.37337746294473,29.362043215053962,11.164934665541079
112.37079052136843,29.362018075861887,11.164934665541079
112.37079205651294,29.3616691189366,11.164934665541079
112.37255290269586,29.361674345790519,11.164934665541079
112.37364498271597,29.361676477492271,11.164934665541079
112.37374878179398,29.362846317092199,11.164934665541079
112.373729525093,29.362964107420737,11.164934665541079
112.37367059871933,29.363001927526625,11.164934665541079
112.37359680143041,29.363008107123459,11.164934665541079
112.37346591495981,29.363004420662161,11.164934665541079
112.37345588191556,29.362895392976405,11.164934665541079</coordinates>
        </LineString>
      </Placemark>
      <Placemark id="d3b889ec-75d7-4e47-8757-788638e9a459">
        <name />
        <styleUrl>#524e3ad7-dbaf-41fb-adbf-d095d40b8233</styleUrl>
        <LineString>
          <altitudeMode>clampToGround</altitudeMode>
          <coordinates>112.37079052136843,29.362018075861887,0
112.37079465385341,29.362530346343423,0
112.37079952138733,29.362631462318248,0
112.37081171762665,29.362718453977621,0
112.37087043429413,29.362803453432576,0
112.37092784103625,29.362858865023526,0
112.37095449725935,29.362888004920777,0
112.3709967586849,29.362911791006962,0
112.37106766593161,29.362939009752523,0
112.37113378023146,29.362956591501757,0
112.3711867735508,29.36296446435302,0
112.37129748957356,29.362968937506391,0
112.37346591495981,29.363004420662161,0
112.37345650921577,29.36290220976829,0
112.37337746294473,29.362043215053962,0
112.37079052136843,29.362018075861887,0</coordinates>
        </LineString>
      </Placemark>
      <Placemark id="8a9de2c9-d039-4b24-ad24-b2c99ba04110">
        <name />
        <styleUrl>#524e3ad7-dbaf-41fb-adbf-d095d40b8233</styleUrl>
        <LineString>
          <altitudeMode>clampToGround</altitudeMode>
          <coordinates>112.37168196044462,29.36077450959549,0
112.37247256472568,29.360827868870736,0
112.37248408406654,29.361660676630514,0
112.37079177982494,29.361651372700376,0
112.37078026873064,29.360913060327967,0
112.37079410030104,29.360844018133047,0
112.37080955794038,29.36081744126621,0
112.37082965762788,29.360793365046657,0
112.37085388450399,29.360772406190225,0
112.37088161799171,29.360755101560688,0
112.37091214769293,29.360741894418034,0
112.37094469158522,29.360733123064488,0
112.37097841605332,29.360729012178947,0
112.37097841605332,29.360729012178957,0
112.37168196044462,29.36077450959549,0</coordinates>
        </LineString>
      </Placemark>
      <Placemark id="618fa0b9-ad21-4e21-9710-2ffef22b9d76">
        <name />
        <styleUrl>#524e3ad7-dbaf-41fb-adbf-d095d40b8233</styleUrl>
        <LineString>
          <altitudeMode>clampToGround</altitudeMode>
          <coordinates>112.37248406857557,29.36166284136273,0
112.37334757681684,29.361667700138302,0
112.37327314163677,29.360873550606886,0
112.37308213326732,29.360860331010112,0
112.37254028929792,29.360823191483377,0
112.37251285618396,29.36082139284073,0
112.3724725662905,29.360819565615408,0
112.37248407632106,29.361661758996622,0</coordinates>
        </LineString>
      </Placemark>
      <Placemark id="7a4617f3-1ab7-4baf-9ea2-1564433c35a9">
        <name>辰华万和府项目（在建）</name>
        <styleUrl>default</styleUrl>
        <Point>
          <altitudeMode>clampToGround</altitudeMode>
          <coordinates>112.37166742050977,29.362551278348139,-6004.3756200649195</coordinates>
        </Point>
      </Placemark>
      <Placemark id="551ef61a-4e30-48a5-a712-8ef9d54a1103">
        <name>辰华万和府二期项目（待建）</name>
        <styleUrl>default</styleUrl>
        <Point>
          <altitudeMode>clampToGround</altitudeMode>
          <coordinates>112.37143462749822,29.361922259573607,-5975.8076200649193</coordinates>
        </Point>
      </Placemark>
      <Placemark id="c864200e-9123-4bbd-9d99-04bfa33ef70d">
        <name>星踏体育项目（已建）</name>
        <styleUrl>default</styleUrl>
        <Point>
          <altitudeMode>clampToGround</altitudeMode>
          <coordinates>112.37106330439272,29.361348931445118,-6003.5536200649194</coordinates>
        </Point>
      </Placemark>
      <Placemark id="4fe0218d-6b07-4a5f-b3f9-29f3500b94b1">
        <name>洁源环保项目（已建）</name>
        <styleUrl>default</styleUrl>
        <Point>
          <altitudeMode>clampToGround</altitudeMode>
          <coordinates>112.37252926148035,29.361487889790403,-6003.5536200649194</coordinates>
        </Point>
      </Placemark>
      <Placemark id="7534b9be-6855-4009-866f-65a30ef71403">
        <name>南县康复医院（已建）</name>
        <styleUrl>default</styleUrl>
        <Point>
          <altitudeMode>clampToGround</altitudeMode>
          <coordinates>112.37257443201908,29.361056778735243,-6003.5536200649194</coordinates>
        </Point>
      </Placemark>
      <Placemark id="fbee1ef9-e3b1-4ea8-b70e-9c49b77b7c9d">
        <name>湖南洞庭海大饲料项目（已建）</name>
        <styleUrl>default</styleUrl>
        <Point>
          <altitudeMode>clampToGround</altitudeMode>
          <coordinates>112.36800780924716,29.359416626893765,-45.121065334458919</coordinates>
        </Point>
      </Placemark>
      <Placemark id="5acb4035-43fd-4c0c-a7d6-6776b60d6f4e">
        <name>南县经开区16年标准化厂房项目（已建）</name>
        <styleUrl>default</styleUrl>
        <Point>
          <altitudeMode>clampToGround</altitudeMode>
          <coordinates>112.36615194762864,29.359596777832159,-16.248065334458918</coordinates>
        </Point>
      </Placemark>
      <Placemark id="48bed0e9-9b81-43a5-86b3-109631e995dc">
        <name>新兴产业园项目（在建）</name>
        <styleUrl>default</styleUrl>
        <Point>
          <altitudeMode>clampToGround</altitudeMode>
          <coordinates>112.36484770026361,29.359237938355164,-2.4409999999999954</coordinates>
        </Point>
      </Placemark>
      <Placemark id="2c1d833d-a5d2-4d24-8a44-6898631bbff9">
        <name />
        <styleUrl>#524e3ad7-dbaf-41fb-adbf-d095d40b8233</styleUrl>
        <LineString>
          <altitudeMode>clampToGround</altitudeMode>
          <coordinates>112.36591518200431,29.356723718441749,9.7420000000000009
112.36596953603095,29.354431751066929,9.7420000000000009
112.36974460510015,29.354516719527453,9.7420000000000009
112.36990134092515,29.354581037365456,9.7420000000000009
112.37000388424447,29.354689333052384,9.7420000000000009
112.37004494306505,29.354816052876192,9.7420000000000009
112.37007189334307,29.356940759333092,9.7420000000000009
112.37007121558402,29.356992272151089,9.7420000000000009
112.36591489753013,29.356735713944769,9.7420000000000009</coordinates>
        </LineString>
      </Placemark>
      <Placemark id="040fa482-a429-4b7e-bdba-246416c71a7e">
        <name />
        <styleUrl>#524e3ad7-dbaf-41fb-adbf-d095d40b8233</styleUrl>
        <LineString>
          <altitudeMode>clampToGround</altitudeMode>
          <coordinates>112.36591493953991,29.356735716538587,9.7420000000000009
112.36589896934503,29.357525985083402,9.7420000000000009
112.3677037197732,29.357641320029803,9.7420000000000009
112.36770381986342,29.357622086987018,9.7420000000000009
112.3700754764421,29.357778837628764,9.7420000000000009
112.37007121558402,29.356992272151089,9.7420000000000009
112.36591493953991,29.356735716538587,9.7420000000000009</coordinates>
        </LineString>
      </Placemark>
      <Placemark id="6c66d60e-d9b9-4dea-83ec-1173d6c37d67">
        <name>职教中心一期项目（在建）</name>
        <styleUrl>default</styleUrl>
        <Point>
          <altitudeMode>clampToGround</altitudeMode>
          <coordinates>112.36721546820057,29.356062165544863,0</coordinates>
        </Point>
      </Placemark>
      <Placemark id="b59aa5a7-7112-4a35-b8b8-f5a22f11cd30">
        <name>职教中心二期项目（待建）</name>
        <styleUrl>default</styleUrl>
        <Point>
          <altitudeMode>clampToGround</altitudeMode>
          <coordinates>112.36671191748256,29.357395932005225,-984.89200000000005</coordinates>
        </Point>
      </Placemark>
      <Placemark id="2d256b2e-9332-4fcf-8d5e-8da02ef3ac65">
        <name />
        <styleUrl>#524e3ad7-dbaf-41fb-adbf-d095d40b8233</styleUrl>
        <LineString>
          <altitudeMode>clampToGround</altitudeMode>
          <coordinates>112.37076808512504,29.35962522299176,-17.037065334458923
112.37191110907619,29.359603476029882,-17.037065334458923
112.37186411920058,29.360008994608236,-17.037065334458923
112.37174677024456,29.360558706195146,-17.037065334458923
112.37154556955102,29.360545715655409,-17.037065334458923
112.3712433218891,29.360497702563578,-17.037065334458923
112.37084413224208,29.360469448839073,-17.037065334458923
112.370804303554,29.360453970224345,-17.037065334458923
112.3707869708465,29.360428133161829,-17.037065334458923
112.3707680851448,29.359625225402418,-17.037065334458923</coordinates>
        </LineString>
      </Placemark>
      <Placemark id="6452c461-b7cd-4c63-812f-2ca9fb01fb7d">
        <name />
        <styleUrl>#524e3ad7-dbaf-41fb-adbf-d095d40b8233</styleUrl>
        <LineString>
          <altitudeMode>clampToGround</altitudeMode>
          <coordinates>112.37174677024456,29.360558706195146,0
112.37181176690002,29.36026144661416,0
112.37184126261344,29.360112142825006,0
112.37186540021143,29.360002945111173,0
112.37187469528496,29.359900163306005,0
112.3719111227077,29.359611032476938,0
112.37191963239066,29.3594774113601,0
112.37193069303648,29.359112493068338,0
112.37193061136816,29.359108340127765,0
112.37311733788395,29.359073084356382,0
112.37325101960982,29.360658371864378,0
112.37174677024456,29.360558706195146,0</coordinates>
        </LineString>
      </Placemark>
      <Placemark id="51591e31-aa9d-49bc-bb1d-1721c7396483">
        <name>南县市政（已建）</name>
        <styleUrl>default</styleUrl>
        <Point>
          <altitudeMode>clampToGround</altitudeMode>
          <coordinates>112.37091152379506,29.359999694066133,-0.0090000000000003411</coordinates>
        </Point>
      </Placemark>
      <Placemark id="e9d3f851-03a3-43f3-8e7c-117c4a6860ac">
        <name>宏欣冷链项目（已建）</name>
        <styleUrl>default</styleUrl>
        <Point>
          <altitudeMode>clampToGround</altitudeMode>
          <coordinates>112.37209436522539,29.359986154855672,-28.084</coordinates>
        </Point>
      </Placemark>
      <Placemark id="05e993d8-b373-48ea-8ca3-562a6ad57883">
        <name>市政公司堆场（已建）</name>
        <styleUrl>default</styleUrl>
        <Point>
          <altitudeMode>clampToGround</altitudeMode>
          <coordinates>112.37097027491411,29.359483129438654,0</coordinates>
        </Point>
      </Placemark>
      <Placemark id="cc07feb4-c36a-48ae-8b94-a4e9acae65e1">
        <name>南县公安局项目（已建）</name>
        <styleUrl>default</styleUrl>
        <Point>
          <altitudeMode>clampToGround</altitudeMode>
          <coordinates>112.37451585613816,29.362111863606593,0</coordinates>
        </Point>
      </Placemark>
      <Placemark id="e1aebf41-b5ef-47c7-b929-f5145beaf802">
        <name>森艺木业项目（已建）</name>
        <styleUrl>default</styleUrl>
        <Point>
          <altitudeMode>clampToGround</altitudeMode>
          <coordinates>112.37511568342474,29.359859644135046,0</coordinates>
        </Point>
      </Placemark>
      <Placemark id="3d4730d2-c23e-49df-a5c9-47dbb7be8491">
        <name>湖南洞庭牧歌+宏晖食品厂（已建）</name>
        <styleUrl>default</styleUrl>
        <Point>
          <altitudeMode>clampToGround</altitudeMode>
          <coordinates>112.37784197770925,29.359006219078807,-28.821999999999999</coordinates>
        </Point>
      </Placemark>
      <Placemark id="59699f26-a1da-43b0-9b16-21d18290fbc5">
        <name />
        <styleUrl>#524e3ad7-dbaf-41fb-adbf-d095d40b8233</styleUrl>
        <LineString>
          <altitudeMode>clampToGround</altitudeMode>
          <coordinates>112.37426583339546,29.357907840431881,0
112.37476507797544,29.35809529461233,0
112.37450222225512,29.358760260008449,0
112.37399158749066,29.358575270798998,0
112.37426583339546,29.357907840431881,0</coordinates>
        </LineString>
      </Placemark>
      <Placemark id="1501cfc8-9fd8-42df-be44-c6b6ab5da735">
        <name>加油站（已建）</name>
        <styleUrl>default</styleUrl>
        <Point>
          <altitudeMode>clampToGround</altitudeMode>
          <coordinates>112.37420273328522,29.358468582897782,-1.3014346655410751</coordinates>
        </Point>
      </Placemark>
      <Placemark id="7770c08e-f2c0-45da-84b9-d036fbd5c6ab">
        <name />
        <styleUrl>#524e3ad7-dbaf-41fb-adbf-d095d40b8233</styleUrl>
        <LineString>
          <altitudeMode>clampToGround</altitudeMode>
          <coordinates>112.3626933893229,29.358177409938651,0
112.36414429103404,29.358489710989158,0
112.36415822283135,29.358492021881624,0
112.36448991609829,29.357382705748726,0
112.36392241651458,29.3571235135622,0
112.36371709766684,29.357089352355398,0
112.36362010830848,29.357077135258546,0
112.36357885851562,29.357241752974513,0
112.36351917459481,29.357264986780059,0
112.36286063342368,29.357107221278479,0
112.36255776411095,29.358142335023047,0
112.3626933893229,29.358177409938651,0</coordinates>
        </LineString>
      </Placemark>
      <Placemark id="42ebec70-8c30-4de8-82ca-e2849f8c7960">
        <name>第二污水处理厂（已建）</name>
        <styleUrl>default</styleUrl>
        <Point>
          <altitudeMode>clampToGround</altitudeMode>
          <coordinates>112.36310594965401,29.358058517297696,0</coordinates>
        </Point>
      </Placemark>
      <Placemark id="5ef7ff0f-cc9b-4c76-ac25-55d33022f5e7">
        <name />
        <styleUrl>#524e3ad7-dbaf-41fb-adbf-d095d40b8233</styleUrl>
        <LineString>
          <altitudeMode>clampToGround</altitudeMode>
          <coordinates>112.36434730717198,29.356318502372812,0
112.36441241071564,29.356041924455603,0
112.36427123559278,29.355990558651026,0
112.3645245537485,29.355212265629181,0
112.36482718449248,29.355269895470023,0
112.36497009806811,29.354970556994239,0
112.36560438843495,29.355120129006888,0
112.36547969859411,29.355386538582874,0
112.36540697515274,29.355376523890023,0
112.36510081582908,29.356437395749694,0
112.36434730717198,29.356318502372812,0</coordinates>
        </LineString>
      </Placemark>
      <Placemark id="0e427f66-b7fa-4cea-a85c-f3895f379048">
        <name>长胜驾校（已建）</name>
        <styleUrl>default</styleUrl>
        <Point>
          <altitudeMode>clampToGround</altitudeMode>
          <coordinates>112.36465399974438,29.355913330086921,0</coordinates>
        </Point>
      </Placemark>
      <Placemark id="4c639ccc-1545-4e24-ba52-aca7ecd190f0">
        <name>南县华益食品产业园项目（在建）</name>
        <styleUrl>default</styleUrl>
        <Point>
          <altitudeMode>clampToGround</altitudeMode>
          <coordinates>112.36752949728012,29.352889930967546,0</coordinates>
        </Point>
      </Placemark>
      <Placemark id="4c65e16f-7ca7-4f7b-ba6d-995dca3f313d">
        <name>文体中心一期项目（已建）</name>
        <styleUrl>default</styleUrl>
        <Point>
          <altitudeMode>clampToGround</altitudeMode>
          <coordinates>112.37110087809405,29.353511215610997,0</coordinates>
        </Point>
      </Placemark>
      <Placemark id="b6e4d819-4609-42a7-879b-7634d6aa5f9a">
        <name>文体中心二期项目（已建）</name>
        <styleUrl>default</styleUrl>
        <Point>
          <altitudeMode>clampToGround</altitudeMode>
          <coordinates>112.37105149802366,29.352263871104157,0</coordinates>
        </Point>
      </Placemark>
      <Placemark id="db189650-4a7e-421d-8d61-5a5a1a091e62">
        <name>鑫荣泡沫项目（在建）</name>
        <styleUrl>default</styleUrl>
        <Point>
          <altitudeMode>clampToGround</altitudeMode>
          <coordinates>112.36706652954314,29.350243467954442,0</coordinates>
        </Point>
      </Placemark>
      <Placemark id="1d81deaa-3e4e-46bf-9efa-96b4f1382b9d">
        <name>优仕密封件项目（在建）</name>
        <styleUrl>default</styleUrl>
        <Point>
          <altitudeMode>clampToGround</altitudeMode>
          <coordinates>112.36861863635916,29.350247027979787,0</coordinates>
        </Point>
      </Placemark>
      <Placemark id="a6967808-db16-45ba-aff0-8e38c27a8474">
        <name>洞庭湖蛋业项目（已建）</name>
        <styleUrl>default</styleUrl>
        <Point>
          <altitudeMode>clampToGround</altitudeMode>
          <coordinates>112.38281187354853,29.355482818054639,0</coordinates>
        </Point>
      </Placemark>
      <Placemark id="5299c4fd-708c-4f36-a682-bfebe510d6c0">
        <name>陈克明食品厂（已建）</name>
        <styleUrl>default</styleUrl>
        <Point>
          <altitudeMode>clampToGround</altitudeMode>
          <coordinates>112.38152430498792,29.353385001803272,0</coordinates>
        </Point>
      </Placemark>
      <Placemark id="51c54c5e-8220-491b-80a3-5d04a2173ce9">
        <name>福十二槟榔（已建）</name>
        <styleUrl>default</styleUrl>
        <Point>
          <altitudeMode>clampToGround</altitudeMode>
          <coordinates>112.38377514887378,29.353504244239257,0</coordinates>
        </Point>
      </Placemark>
      <Placemark id="b9227e5b-1f53-4ac5-8a7f-756c318fb50e">
        <name>湖南茂源食品（已建）</name>
        <styleUrl>default</styleUrl>
        <Point>
          <altitudeMode>clampToGround</altitudeMode>
          <coordinates>112.38124159735297,29.358121798648757,0</coordinates>
        </Point>
      </Placemark>
      <Placemark id="e56eb54d-fc57-40b0-8472-b1b5cd09e0fc">
        <name>贤得利食品（已建）</name>
        <styleUrl>default</styleUrl>
        <Point>
          <altitudeMode>clampToGround</altitudeMode>
          <coordinates>112.38099642708559,29.360412815780197,0</coordinates>
        </Point>
      </Placemark>
      <Placemark id="391f3825-4f88-4b5f-b36c-5cdc9f2174fe">
        <name>顺祥食品（已建）</name>
        <styleUrl>default</styleUrl>
        <Point>
          <altitudeMode>clampToGround</altitudeMode>
          <coordinates>112.38265285822162,29.370000549602342,0</coordinates>
        </Point>
      </Placemark>
      <Placemark id="ff287211-5435-4899-aa18-ed531cfcc7e5">
        <name>陈克明面厂项目（已建）</name>
        <styleUrl>default</styleUrl>
        <Point>
          <altitudeMode>clampToGround</altitudeMode>
          <coordinates>112.38133383673541,29.362563236547924,0</coordinates>
        </Point>
      </Placemark>
      <Placemark id="a78d6cea-0de9-4bac-bd2c-346d3d02dd6b">
        <name>湖南厚道食品（已建）</name>
        <styleUrl>default</styleUrl>
        <Point>
          <altitudeMode>clampToGround</altitudeMode>
          <coordinates>112.38171606553253,29.35684709334317,0</coordinates>
        </Point>
      </Placemark>
      <Placemark id="962a9a5e-07bf-4a83-82f5-494d2f4e3979">
        <name>湖南实靠实食品（已建）</name>
        <styleUrl>default</styleUrl>
        <Point>
          <altitudeMode>clampToGround</altitudeMode>
          <coordinates>112.3834780057504,29.357039249687482,0</coordinates>
        </Point>
      </Placemark>
      <Placemark id="6557e3ab-73c7-48c0-877a-0ca8785a668e">
        <name>液化器站（已建）</name>
        <styleUrl>default</styleUrl>
        <Point>
          <altitudeMode>clampToGround</altitudeMode>
          <coordinates>112.38266554113017,29.359839505233495,0</coordinates>
        </Point>
      </Placemark>
      <Placemark id="11e69760-dccd-4269-8e5c-01a42acd59c9">
        <name>南洲酒业项目（已建）</name>
        <styleUrl>default</styleUrl>
        <Point>
          <altitudeMode>clampToGround</altitudeMode>
          <coordinates>112.38363837607218,29.362729001895399,0</coordinates>
        </Point>
      </Placemark>
      <Placemark id="766ccb2c-35e2-4475-8752-67a60d3d20e0">
        <name>优仕密封件厂项目（已建）</name>
        <styleUrl>default</styleUrl>
        <Point>
          <altitudeMode>clampToGround</altitudeMode>
          <coordinates>112.37806568037857,29.367714504316403,0</coordinates>
        </Point>
      </Placemark>
      <Placemark id="87782de5-3f3d-40ce-9cab-c202014b26bf">
        <name>新桥路（已建）</name>
        <styleUrl>default</styleUrl>
        <Point>
          <altitudeMode>clampToGround</altitudeMode>
          <coordinates>112.36709578390283,29.379066126501208,0</coordinates>
        </Point>
      </Placemark>
      <Placemark id="75dec5b5-d0d3-4eea-a0dd-a32ec96e7b20">
        <name>新桥路（已建）</name>
        <styleUrl>default</styleUrl>
        <Point>
          <altitudeMode>clampToGround</altitudeMode>
          <coordinates>112.37679068495858,29.378953382854711,0</coordinates>
        </Point>
      </Placemark>
      <Placemark id="c76cfd91-59b9-4892-95a0-a6581dcda7f4">
        <name>荷香路（已建）</name>
        <styleUrl>default</styleUrl>
        <Point>
          <altitudeMode>clampToGround</altitudeMode>
          <coordinates>112.36722759761608,29.376317867289927,0</coordinates>
        </Point>
      </Placemark>
      <Placemark id="558bd614-d84a-4ae0-9e38-a661064474f8">
        <name>荷香路（已建）</name>
        <styleUrl>default</styleUrl>
        <Point>
          <altitudeMode>clampToGround</altitudeMode>
          <coordinates>112.37227381180718,29.376263873409119,0</coordinates>
        </Point>
      </Placemark>
      <Placemark id="b7340534-5405-415e-a25b-2d758dd168fd">
        <name>凤栖湖路（已建）</name>
        <styleUrl>default</styleUrl>
        <Point>
          <altitudeMode>clampToGround</altitudeMode>
          <coordinates>112.36698504293848,29.374060007560669,0</coordinates>
        </Point>
      </Placemark>
      <Placemark id="0542c713-0332-4e92-a53d-c72a7383fe8b">
        <name>凤栖湖路（已建）</name>
        <styleUrl>default</styleUrl>
        <Point>
          <altitudeMode>clampToGround</altitudeMode>
          <coordinates>112.37214375293262,29.374054317488604,0</coordinates>
        </Point>
      </Placemark>
      <Placemark id="ae8299e1-e75e-43c4-bc44-e85275fa857f">
        <name>南洲西路（已建）</name>
        <styleUrl>default</styleUrl>
        <Point>
          <altitudeMode>clampToGround</altitudeMode>
          <coordinates>112.3671160053905,29.370843607855377,0</coordinates>
        </Point>
      </Placemark>
      <Placemark id="ba78db72-a269-40b3-b954-13399001f970">
        <name>南洲西路（已建）</name>
        <styleUrl>default</styleUrl>
        <Point>
          <altitudeMode>clampToGround</altitudeMode>
          <coordinates>112.3724544921233,29.370796717931807,0</coordinates>
        </Point>
      </Placemark>
      <Placemark id="e3f94822-0359-46d7-acb4-92ec92791fd9">
        <name>山清路（待建）</name>
        <styleUrl>default</styleUrl>
        <Point>
          <altitudeMode>clampToGround</altitudeMode>
          <coordinates>112.36715651370737,29.366286339358236,0</coordinates>
        </Point>
      </Placemark>
      <Placemark id="827adb8f-a07b-4d82-b806-731c535a0793">
        <name>兴盛西路（已建）</name>
        <styleUrl>default</styleUrl>
        <Point>
          <altitudeMode>clampToGround</altitudeMode>
          <coordinates>112.36393999458262,29.363183798880769,0</coordinates>
        </Point>
      </Placemark>
      <Placemark id="c0ad37b2-4918-423b-baa6-fb31ee36da3b">
        <name>华曙高科项目二期（待建）</name>
        <styleUrl>default</styleUrl>
        <Point>
          <altitudeMode>clampToGround</altitudeMode>
          <coordinates>112.36298351419268,29.365586930382936,0</coordinates>
        </Point>
      </Placemark>
      <Placemark id="d09a013b-8746-4643-8531-349c9239f80b">
        <name>PPP项目二期（待建）</name>
        <styleUrl>default</styleUrl>
        <Point>
          <altitudeMode>clampToGround</altitudeMode>
          <coordinates>112.36244697414274,29.368638065107508,0</coordinates>
        </Point>
      </Placemark>
      <Placemark id="85be2f18-8c9e-4130-93e0-eafa311d24de">
        <name>凤栖湖公园(在建)</name>
        <styleUrl>default</styleUrl>
        <Point>
          <altitudeMode>clampToGround</altitudeMode>
          <coordinates>112.3672754811724,29.37347266554444,0</coordinates>
        </Point>
      </Placemark>
      <Placemark id="b67084bb-3ddd-4b1e-9e66-b21dfa081a61">
        <name>医美健康产业园项目（在建）</name>
        <styleUrl>default</styleUrl>
        <Point>
          <altitudeMode>clampToGround</altitudeMode>
          <coordinates>112.36721856822081,29.370150318265623,-29.271999999999998</coordinates>
        </Point>
      </Placemark>
      <Placemark id="5bf08a22-fc80-448d-936e-a30e80f05096">
        <name>凤栖湖综合商业区及居住区（待建）</name>
        <styleUrl>default</styleUrl>
        <Point>
          <altitudeMode>clampToGround</altitudeMode>
          <coordinates>112.36707732213364,29.372350101959288,0</coordinates>
        </Point>
      </Placemark>
      <Placemark id="06fe6472-2c9a-4434-9e74-cb7b0cb99159">
        <name />
        <styleUrl>#524e3ad7-dbaf-41fb-adbf-d095d40b8233</styleUrl>
        <LineString>
          <altitudeMode>clampToGround</altitudeMode>
          <coordinates>112.36542475335662,29.380103236037499,0
112.36772219113878,29.380084042859959,0
112.36770820608048,29.379079139852941,0
112.36544246342224,29.37910316740706,0
112.36542475335662,29.380103236037499,0</coordinates>
        </LineString>
      </Placemark>
      <Placemark id="71d5db9e-aae6-405a-a7f5-d08fe464776b">
        <name>供南县粮库二期工程（在建） </name>
        <styleUrl>default</styleUrl>
        <Point>
          <altitudeMode>clampToGround</altitudeMode>
          <coordinates>112.36553732867762,29.379914075072048,0</coordinates>
        </Point>
      </Placemark>
      <Placemark id="1cfb0cb9-21dc-4ae8-a694-d77dfe685ea8">
        <name>集中供热项目（待建）</name>
        <styleUrl>default</styleUrl>
        <Point>
          <altitudeMode>clampToGround</altitudeMode>
          <coordinates>112.36891061429617,29.379648735159989,0</coordinates>
        </Point>
      </Placemark>
      <Placemark id="b7210c8d-2e3c-446c-9dfe-5744cd377f31">
        <name />
        <styleUrl>#524e3ad7-dbaf-41fb-adbf-d095d40b8233</styleUrl>
        <LineString>
          <altitudeMode>clampToGround</altitudeMode>
          <coordinates>112.36865747571663,29.37906897575979,0
112.36866833224853,29.379880203370448,0
112.3702602425125,29.379796018788667,0
112.3702507005256,29.379062871307479,0
112.37019445815525,29.379052643860522,0
112.37019445815525,29.379052643860522,0
112.36865747571663,29.37906897575979,0</coordinates>
        </LineString>
      </Placemark>
      <Placemark id="c3fda1dc-bcc3-44d2-b026-81e0d905f10e">
        <name>通盛南路（已建）</name>
        <styleUrl>default</styleUrl>
        <Point>
          <altitudeMode>clampToGround</altitudeMode>
          <coordinates>112.37022405171383,29.352707598719494,0</coordinates>
        </Point>
      </Placemark>
      <Placemark id="40515e80-25a6-47bf-b018-e17edabe98f7">
        <name>长兴路</name>
        <styleUrl>default</styleUrl>
        <Point>
          <altitudeMode>clampToGround</altitudeMode>
          <coordinates>112.3672438677965,29.350448803305607,0</coordinates>
        </Point>
      </Placemark>
      <Placemark id="c79357bc-b659-44a3-a8e9-e6c3853512e9">
        <name>长兴路（已建）</name>
        <styleUrl>default</styleUrl>
        <Point>
          <altitudeMode>clampToGround</altitudeMode>
          <coordinates>112.36742775946453,29.35060449391365,0</coordinates>
        </Point>
      </Placemark>
      <Placemark id="91e80859-23a9-4803-8030-2fcfbddaafb6">
        <name />
        <styleUrl>#524e3ad7-dbaf-41fb-adbf-d095d40b8233</styleUrl>
        <LineString>
          <altitudeMode>clampToGround</altitudeMode>
          <coordinates>112.37367223507883,29.355967336572423,0
112.37071767374833,29.355912989924818,0
112.37070418683977,29.354877030302877,0
112.37072151401594,29.354818316227131,0
112.37073017156609,29.354795961283333,0
112.37074438039413,29.354766500076988,0
112.37076088425579,29.354737971758627,0
112.37077960388538,29.354710513342411,0
112.37080044937565,29.35468425670388,0
112.37082332060959,29.354659327946727,0
112.37084810774135,29.354635846797006,0
112.37087469172381,29.35461392602825,0
112.37087469172381,29.35461392602825,0
112.37089623182459,29.354598276984738,0
112.37095074177569,29.354565250345434,0
112.37098146015194,29.354550265266628,0
112.37101325110604,29.35453710870614,0
112.37104597302114,29.354525839271297,0
112.37107948013352,29.354516507163041,0
112.37111362318184,29.354509153952193,0
112.37111362318184,29.354509153952193,0
112.37119650419093,29.354499788721824,0
112.37370628122399,29.354545950896192,0
112.37367223507883,29.355967336572423,0</coordinates>
        </LineString>
      </Placemark>
      <Placemark id="ab30a028-47aa-45f6-b192-091c53455c9f">
        <name>海王医药一期（在建）</name>
        <styleUrl>default</styleUrl>
        <Point>
          <altitudeMode>clampToGround</altitudeMode>
          <coordinates>112.37091561532279,29.355470783309972,0</coordinates>
        </Point>
      </Placemark>
      <Placemark id="a1126845-4ef6-4b6a-bd4c-668bfd5d49ec">
        <name />
        <styleUrl>#524e3ad7-dbaf-41fb-adbf-d095d40b8233</styleUrl>
        <LineString>
          <altitudeMode>clampToGround</altitudeMode>
          <coordinates>112.37525413244462,29.357222408652589,0
112.37518087694313,29.357217038835589,0
112.37513954300073,29.357296025889461,0
112.37073116406815,29.35694915617422,0
112.37071767374833,29.355912989924818,0
112.37367223507883,29.355967336572423,0
112.37370628122399,29.354545950896192,0
112.37662942145552,29.354599656390153,0
112.37525413244462,29.357222408652589,0</coordinates>
        </LineString>
      </Placemark>
      <Placemark id="4256f227-f6ee-45c1-bc5f-2e1bad8fb440">
        <name>海王医疗二期（待建）</name>
        <styleUrl>default</styleUrl>
        <Point>
          <altitudeMode>clampToGround</altitudeMode>
          <coordinates>112.37199097330672,29.356621753546776,0</coordinates>
        </Point>
      </Placemark>
      <Placemark id="b51bef7c-f073-4c1c-9376-a757e46e64c9">
        <name>雷裔医疗（在建）</name>
        <styleUrl>default</styleUrl>
        <Point>
          <altitudeMode>clampToGround</altitudeMode>
          <coordinates>112.37086423611105,29.358454721156601,0</coordinates>
        </Point>
      </Placemark>
      <Placemark id="bdfb6139-de18-414c-bfff-84f880a6a448">
        <name>国信金湘项目（在建）</name>
        <styleUrl>default</styleUrl>
        <Point>
          <altitudeMode>clampToGround</altitudeMode>
          <coordinates>112.37725465635148,29.390284252797048,0</coordinates>
        </Point>
      </Placemark>
      <Placemark id="dff265bf-9781-4e10-b785-0eaadb23b06f">
        <name>贝贝昇项目（已建）</name>
        <styleUrl>default</styleUrl>
        <Point>
          <altitudeMode>clampToGround</altitudeMode>
          <coordinates>112.37233846865507,29.392674687413329,0</coordinates>
        </Point>
      </Placemark>
      <Placemark id="60fd7ce1-268b-412b-9fa1-3818ce694903">
        <name>氧气站项目（待建）</name>
        <styleUrl>default</styleUrl>
        <Point>
          <altitudeMode>clampToGround</altitudeMode>
          <coordinates>112.37694255518127,29.3883191541568,0</coordinates>
        </Point>
      </Placemark>
      <Placemark id="d1f76b74-ffb4-4644-9b13-1d78c8b07f5f">
        <name />
        <styleUrl>#524e3ad7-dbaf-41fb-adbf-d095d40b8233</styleUrl>
        <LineString>
          <altitudeMode>clampToGround</altitudeMode>
          <coordinates>112.36417180107622,29.355189295184964,0
112.36308474855421,29.35504386403495,0
112.36311444898556,29.354873486838219,0
112.36350197373859,29.35415483081896,0
112.36393049840822,29.354212161295219,0
112.36396402518895,29.354216622257773,0
112.36399756018986,29.354221035550484,0
112.36403110332265,29.35422540116172,0
112.36406465449895,29.354229719079989,0
112.3640982136304,29.35423398929392,0
112.36413178062861,29.354238211792261,0
112.36416535540516,29.354242386563904,0
112.36419893787165,29.354246513597836,0
112.36423252793959,29.354250592883208,0
112.36426612552053,29.354254624409261,0
112.36429973052596,29.354258608165399,0
112.3643333428674,29.3542625441411,0
112.3643333428674,29.3542625441411,0
112.36417180107622,29.355189295184964,0</coordinates>
        </LineString>
      </Placemark>
      <Placemark id="a62c4455-b534-4f8e-9b4f-5520c6a09576">
        <name>张公塘加油站（待建）</name>
        <styleUrl>default</styleUrl>
        <Point>
          <altitudeMode>clampToGround</altitudeMode>
          <coordinates>112.36346708326495,29.354825163338642,0</coordinates>
        </Point>
      </Placemark>
    </Folder>
    <Folder id="93c23fa6-7bbb-4a7a-af7a-c3a9c65ba5e1">
      <name>CAR</name>
    </Folder>
    <Folder id="eb7ae453-408f-4d96-9998-48de3c0aabd5">
      <name>用地范围</name>
      <Placemark id="828ac69f-f856-4abb-9e75-c0652493f1fd">
        <name />
        <styleUrl>#524e3ad7-dbaf-41fb-adbf-d095d40b8233</styleUrl>
        <LineString>
          <altitudeMode>clampToGround</altitudeMode>
          <coordinates>112.37480711478879,29.374111804042023,0
112.37500707015273,29.374114696124352,0
112.37499071787572,29.373934037604112,0
112.37434805788098,29.373924741200483,0
112.37459077650377,29.37668153790003,0
112.37355357688392,29.376692227397783,0
112.37358087382998,29.378726116574235,0
112.37361871646914,29.378802624935616,0
112.3736462403934,29.378836950725791,0
112.37524769014617,29.378820946717699,0
112.37500689790346,29.37626534225037,0
112.37520694063633,29.376263279052356,0
112.37519011713535,29.376083042711425,0
112.37499059184961,29.376085100539981,0
112.37480711478879,29.374111804042023,0</coordinates>
        </LineString>
      </Placemark>
      <Placemark id="97e79b3d-6e94-4d3d-bbe0-a1a632be7257">
        <name />
        <styleUrl>#524e3ad7-dbaf-41fb-adbf-d095d40b8233</styleUrl>
        <LineString>
          <altitudeMode>clampToGround</altitudeMode>
          <coordinates>112.37448566553655,29.37548771102712,0
112.37434082801829,29.373842621603838,0
112.37095370210736,29.373851339158975,0
112.37097625165299,29.375496746529222,0
112.37099299754962,29.376718582469373,0
112.37459077650377,29.37668153790003,0
112.37448566553756,29.375487711027109,0</coordinates>
        </LineString>
      </Placemark>
    </Folder>
    <Folder id="ac370ea6-9cc2-4aab-8a08-33da6c4b294f">
      <name>规划用地红线</name>
      <Placemark id="d76d7120-c9a7-45a5-a048-940a99fe54a6">
        <name />
        <styleUrl>#524e3ad7-dbaf-41fb-adbf-d095d40b8233</styleUrl>
        <LineString>
          <altitudeMode>clampToGround</altitudeMode>
          <coordinates>112.37008380344133,29.366348298742224,0
112.37010478434954,29.367779834147406,0
112.36946373293772,29.367777470411163,0
112.36931831195895,29.367778963748041,0
112.3693197115411,29.367592478743536,0
112.36932059537521,29.366427963786599,0
112.36932108143152,29.366344877233281,0
112.37008380344133,29.366348298742224,0</coordinates>
        </LineString>
      </Placemark>
      <Placemark id="273e0bf9-a9d2-4801-85c6-1ecfbdfce9d5">
        <name />
        <styleUrl>#524e3ad7-dbaf-41fb-adbf-d095d40b8233</styleUrl>
        <LineString>
          <altitudeMode>clampToGround</altitudeMode>
          <coordinates>112.37008380344133,29.366348298742224,0
112.37010478434954,29.367779834147406,0
112.36946373293772,29.367777470411163,0
112.36931831195895,29.367778963748041,0
112.3693197115411,29.367592478743536,0
112.36932059537521,29.366427963786599,0
112.36932108143152,29.366344877233281,0
112.37008380344133,29.366348298742224,0</coordinates>
        </LineString>
      </Placemark>
      <Placemark id="43d80a81-bb11-4126-a435-58b1144821be">
        <name />
        <styleUrl>#524e3ad7-dbaf-41fb-adbf-d095d40b8233</styleUrl>
        <LineString>
          <altitudeMode>clampToGround</altitudeMode>
          <coordinates>112.37010478434954,29.367779834147406,0
112.37011957206192,29.369095161342514,0
112.36931876881219,29.369094911357067,0
112.36931831195895,29.367778963748041,0
112.36946373293772,29.367777470411163,0
112.37010478434954,29.367779834147406,0</coordinates>
        </LineString>
      </Placemark>
      <Placemark id="4e86f699-90c1-4854-bf3c-a660f9a7d925">
        <name />
        <styleUrl>#524e3ad7-dbaf-41fb-adbf-d095d40b8233</styleUrl>
        <LineString>
          <altitudeMode>clampToGround</altitudeMode>
          <coordinates>112.36799657137219,29.365131759590916,0
112.36800931896229,29.366067566630861,0
112.37007858046883,29.366077674911242,0
112.37004560161392,29.363821313128852,0
112.37004277769013,29.363789036734314,0
112.37004086887785,29.36377634188068,0
112.37003498573067,29.363753946559189,0
112.37002822173562,29.36373784172844,0
112.37000323547652,29.363688921645458,0
112.36998969288294,29.363669533381277,0
112.36997242403737,29.363651256613732,0
112.36994956262335,29.363630768213749,0
112.36992926673962,29.363615524517225,0
112.36989777825247,29.36359846275645,0
112.36986628977562,29.363581400987851,0
112.36983061119767,29.363570252464473,0
112.36976819068154,29.363562880508901,0
112.36973241657424,29.363561723781121,0
112.36830238109715,29.363535035498764,0
112.36797759705254,29.363738148739088,0
112.36798866073866,29.364565422330685,0
112.3686929514985,29.364558196635009,0
112.36870054886049,29.365124536240479,0
112.36799657137219,29.365131759590916,0</coordinates>
        </LineString>
      </Placemark>
      <Placemark id="f58e1417-4781-48ad-a245-0734e770fa6b">
        <name />
        <styleUrl>#524e3ad7-dbaf-41fb-adbf-d095d40b8233</styleUrl>
        <LineString>
          <altitudeMode>clampToGround</altitudeMode>
          <coordinates>112.36799655908641,29.365130857664806,0
112.36869948469254,29.365123645182393,0
112.36869193392903,29.36455910845655,0
112.36798867280095,29.36456632425498,0
112.36799655908641,29.365130857664806,0</coordinates>
        </LineString>
      </Placemark>
    </Folder>
    <Folder id="1117d327-1d3a-45d3-9bfe-6f5b07cfe28c">
      <name>铺底</name>
    </Folder>
    <Folder id="593f7c80-a732-4ad9-b8bb-8f7ad61ef316">
      <name>表格</name>
    </Folder>
    <Folder id="80b590a1-add5-4150-81c5-80820f0fbc35">
      <name>已供地范围线</name>
    </Folder>
    <Folder id="43cc98c8-67a0-4e99-9267-0779fa5abf96">
      <name>拟供地范围线</name>
    </Folder>
    <Folder id="10aa7ae9-751b-410c-8613-7b53bc845849">
      <name>批而未供范围线</name>
    </Folder>
    <Folder id="74f57096-5472-438d-bb93-0dd329abef35">
      <name>标注</name>
    </Folder>
    <Folder id="5f87dde3-f21d-45c9-abda-7299fc4aac41">
      <name>影像</name>
    </Folder>
    <Folder id="67edcaeb-821c-46fb-a9eb-909a78ec4bd7">
      <name>TX-图框</name>
    </Folder>
    <Folder id="2805cec7-8ebd-4051-816c-b0d285ae58bb">
      <name>建筑</name>
    </Folder>
  </Document>
</kml>